Segment,Country, Product , Discount Band , Units Sold , Manufacturing Price , Sale Price , Gross Sales , Discounts ,  Sales , COGS , Profit ,Date,Month Number, Month Name ,Year
Government,Canada, Carretera , None ,1618,3,20,32370, $-   ,32370," $16,185.00 ",16185,01-01-2014,1, January ,2014
Government,Germany, Carretera , None ,1321,3,20,26420, $-   ,26420," $13,210.00 ",13210,01-01-2014,1, January ,2014
Midmarket,France, Carretera , None ,2178,3,15,32670, $-   ,32670," $21,780.00 ",10890,01-06-2014,6, June ,2014
Midmarket,Germany, Carretera , None ,888,3,15,13320, $-   ,13320," $8,880.00 ",4440,01-06-2014,6, June ,2014
Midmarket,Mexico, Carretera , None ,2470,3,15,37050, $-   ,37050," $24,700.00 ",12350,01-06-2014,6, June ,2014
Government,Germany, Carretera , None ,1513,3,350,529550, $-   ,529550," $3,93,380.00 ",136170,01-12-2014,12, December ,2014
Midmarket,Germany, Montana , None ,921,5,15,13815, $-   ,13815," $9,210.00 ",4605,01-03-2014,3, March ,2014
Channel Partners,Canada, Montana , None ,2518,5,12,30216, $-   ,30216," $7,554.00 ",22662,01-06-2014,6, June ,2014
Government,France, Montana , None ,1899,5,20,37980, $-   ,37980," $18,990.00 ",18990,01-06-2014,6, June ,2014
Channel Partners,Germany, Montana , None ,1545,5,12,18540, $-   ,18540," $4,635.00 ",13905,01-06-2014,6, June ,2014
Midmarket,Mexico, Montana , None ,2470,5,15,37050, $-   ,37050," $24,700.00 ",12350,01-06-2014,6, June ,2014
Enterprise,Canada, Montana , None ,2666,5,125,333188, $-   ,333188," $3,19,860.00 ",13328,01-07-2014,7, July ,2014
Small Business,Mexico, Montana , None ,958,5,300,287400, $-   ,287400," $2,39,500.00 ",47900,01-08-2014,8, August ,2014
Government,Germany, Montana , None ,2146,5,7,15022, $-   ,15022," $10,730.00 ",4292,01-09-2014,9, September ,2014
Enterprise,Canada, Montana , None ,345,5,125,43125, $-   ,43125," $41,400.00 ",1725,01-10-2013,10, October ,2013
Midmarket,United States of America, Montana , None ,615,5,15,9225, $-   ,9225," $6,150.00 ",3075,01-12-2014,12, December ,2014
Government,Canada, Paseo , None ,292,10,20,5840, $-   ,5840," $2,920.00 ",2920,01-02-2014,2, February ,2014
Midmarket,Mexico, Paseo , None ,974,10,15,14610, $-   ,14610," $9,740.00 ",4870,01-02-2014,2, February ,2014
Channel Partners,Canada, Paseo , None ,2518,10,12,30216, $-   ,30216," $7,554.00 ",22662,01-06-2014,6, June ,2014
Government,Germany, Paseo , None ,1006,10,350,352100, $-   ,352100," $2,61,560.00 ",90540,01-06-2014,6, June ,2014
Channel Partners,Germany, Paseo , None ,367,10,12,4404, $-   ,4404," $1,101.00 ",3303,01-07-2014,7, July ,2014
Government,Mexico, Paseo , None ,883,10,7,6181, $-   ,6181," $4,415.00 ",1766,01-08-2014,8, August ,2014
Midmarket,France, Paseo , None ,549,10,15,8235, $-   ,8235," $5,490.00 ",2745,01-09-2013,9, September ,2013
Small Business,Mexico, Paseo , None ,788,10,300,236400, $-   ,236400," $1,97,000.00 ",39400,01-09-2013,9, September ,2013
Midmarket,Mexico, Paseo , None ,2472,10,15,37080, $-   ,37080," $24,720.00 ",12360,01-09-2014,9, September ,2014
Government,United States of America, Paseo , None ,1143,10,7,8001, $-   ,8001," $5,715.00 ",2286,01-10-2014,10, October ,2014
Government,Canada, Paseo , None ,1725,10,350,603750, $-   ,603750," $4,48,500.00 ",155250,01-11-2013,11, November ,2013
Channel Partners,United States of America, Paseo , None ,912,10,12,10944, $-   ,10944," $2,736.00 ",8208,01-11-2013,11, November ,2013
Midmarket,Canada, Paseo , None ,2152,10,15,32280, $-   ,32280," $21,520.00 ",10760,01-12-2013,12, December ,2013
Government,Canada, Paseo , None ,1817,10,20,36340, $-   ,36340," $18,170.00 ",18170,01-12-2014,12, December ,2014
Government,Germany, Paseo , None ,1513,10,350,529550, $-   ,529550," $3,93,380.00 ",136170,01-12-2014,12, December ,2014
Government,Mexico, Velo , None ,1493,120,7,10451, $-   ,10451," $7,465.00 ",2986,01-01-2014,1, January ,2014
Enterprise,France, Velo , None ,1804,120,125,225500, $-   ,225500," $2,16,480.00 ",9020,01-02-2014,2, February ,2014
Channel Partners,Germany, Velo , None ,2161,120,12,25932, $-   ,25932," $6,483.00 ",19449,01-03-2014,3, March ,2014
Government,Germany, Velo , None ,1006,120,350,352100, $-   ,352100," $2,61,560.00 ",90540,01-06-2014,6, June ,2014
Channel Partners,Germany, Velo , None ,1545,120,12,18540, $-   ,18540," $4,635.00 ",13905,01-06-2014,6, June ,2014
Enterprise,United States of America, Velo , None ,2821,120,125,352625, $-   ,352625," $3,38,520.00 ",14105,01-08-2014,8, August ,2014
Enterprise,Canada, Velo , None ,345,120,125,43125, $-   ,43125," $41,400.00 ",1725,01-10-2013,10, October ,2013
Small Business,Canada, VTT , None ,2001,250,300,600300, $-   ,600300," $5,00,250.00 ",100050,01-02-2014,2, February ,2014
Channel Partners,Germany, VTT , None ,2838,250,12,34056, $-   ,34056," $8,514.00 ",25542,01-04-2014,4, April ,2014
Midmarket,France, VTT , None ,2178,250,15,32670, $-   ,32670," $21,780.00 ",10890,01-06-2014,6, June ,2014
Midmarket,Germany, VTT , None ,888,250,15,13320, $-   ,13320," $8,880.00 ",4440,01-06-2014,6, June ,2014
Government,France, VTT , None ,1527,250,350,534450, $-   ,534450," $3,97,020.00 ",137430,01-09-2013,9, September ,2013
Small Business,France, VTT , None ,2151,250,300,645300, $-   ,645300," $5,37,750.00 ",107550,01-09-2014,9, September ,2014
Government,Canada, VTT , None ,1817,250,20,36340, $-   ,36340," $18,170.00 ",18170,01-12-2014,12, December ,2014
Government,France, Amarilla , None ,2750,260,350,962500, $-   ,962500," $7,15,000.00 ",247500,01-02-2014,2, February ,2014
Channel Partners,United States of America, Amarilla , None ,1953,260,12,23436, $-   ,23436," $5,859.00 ",17577,01-04-2014,4, April ,2014
Enterprise,Germany, Amarilla , None ,4220,260,125,527438, $-   ,527438," $5,06,340.00 ",21098,01-04-2014,4, April ,2014
Government,France, Amarilla , None ,1899,260,20,37980, $-   ,37980," $18,990.00 ",18990,01-06-2014,6, June ,2014
Government,Germany, Amarilla , None ,1686,260,7,11802, $-   ,11802," $8,430.00 ",3372,01-07-2014,7, July ,2014
Channel Partners,United States of America, Amarilla , None ,2141,260,12,25692, $-   ,25692," $6,423.00 ",19269,01-08-2014,8, August ,2014
Government,United States of America, Amarilla , None ,1143,260,7,8001, $-   ,8001," $5,715.00 ",2286,01-10-2014,10, October ,2014
Midmarket,United States of America, Amarilla , None ,615,260,15,9225, $-   ,9225," $6,150.00 ",3075,01-12-2014,12, December ,2014
Government,France, Paseo , Low ,3945,10,7,27615, $276.15 ,27339," $19,725.00 ",7614,01-01-2014,1, January ,2014
Midmarket,France, Paseo , Low ,2296,10,15,34440, $344.40 ,34096," $22,960.00 ",11136,01-02-2014,2, February ,2014
Government,France, Paseo , Low ,1030,10,7,7210, $72.10 ,7138," $5,150.00 ",1988,01-05-2014,5, May ,2014
Government,France, Velo , Low ,639,120,7,4473, $44.73 ,4428," $3,195.00 ",1233,01-11-2014,11, November ,2014
Government,Canada, VTT , Low ,1326,250,7,9282, $92.82 ,9189," $6,630.00 ",2559,01-03-2014,3, March ,2014
Channel Partners,United States of America, Carretera , Low ,1858,3,12,22296, $222.96 ,22073," $5,574.00 ",16499,01-02-2014,2, February ,2014
Government,Mexico, Carretera , Low ,1210,3,350,423500," $4,235.00 ",419265," $3,14,600.00 ",104665,01-03-2014,3, March ,2014
Government,United States of America, Carretera , Low ,2529,3,7,17703, $177.03 ,17526," $12,645.00 ",4881,01-07-2014,7, July ,2014
Channel Partners,Canada, Carretera , Low ,1445,3,12,17340, $173.40 ,17167," $4,335.00 ",12832,01-09-2014,9, September ,2014
Enterprise,United States of America, Carretera , Low ,330,3,125,41250, $412.50 ,40838," $39,600.00 ",1238,01-09-2013,9, September ,2013
Channel Partners,France, Carretera , Low ,2671,3,12,32052, $320.52 ,31731," $8,013.00 ",23718,01-09-2014,9, September ,2014
Channel Partners,Germany, Carretera , Low ,766,3,12,9192, $91.92 ,9100," $2,298.00 ",6802,01-10-2013,10, October ,2013
Small Business,Mexico, Carretera , Low ,494,3,300,148200," $1,482.00 ",146718," $1,23,500.00 ",23218,01-10-2013,10, October ,2013
Government,Mexico, Carretera , Low ,1397,3,350,488950," $4,889.50 ",484060," $3,63,220.00 ",120840,01-10-2014,10, October ,2014
Government,France, Carretera , Low ,2155,3,350,754250," $7,542.50 ",746708," $5,60,300.00 ",186408,01-12-2014,12, December ,2014
Midmarket,Mexico, Montana , Low ,2214,5,15,33210, $332.10 ,32878," $22,140.00 ",10738,01-03-2014,3, March ,2014
Small Business,United States of America, Montana , Low ,2301,5,300,690300," $6,903.00 ",683397," $5,75,250.00 ",108147,01-04-2014,4, April ,2014
Government,France, Montana , Low ,1376,5,20,27510, $275.10 ,27235," $13,755.00 ",13480,01-07-2014,7, July ,2014
Government,Canada, Montana , Low ,1830,5,7,12810, $128.10 ,12682," $9,150.00 ",3532,01-08-2014,8, August ,2014
Small Business,United States of America, Montana , Low ,2498,5,300,749400," $7,494.00 ",741906," $6,24,500.00 ",117406,01-09-2013,9, September ,2013
Enterprise,United States of America, Montana , Low ,663,5,125,82875, $828.75 ,82046," $79,560.00 ",2486,01-10-2013,10, October ,2013
Midmarket,United States of America, Paseo , Low ,1514,10,15,22710, $227.10 ,22483," $15,140.00 ",7343,01-02-2014,2, February ,2014
Government,United States of America, Paseo , Low ,4492,10,7,31448, $314.48 ,31133," $22,462.50 ",8671,01-04-2014,4, April ,2014
Enterprise,United States of America, Paseo , Low ,727,10,125,90875, $908.75 ,89966," $87,240.00 ",2726,01-06-2014,6, June ,2014
Enterprise,France, Paseo , Low ,787,10,125,98375, $983.75 ,97391," $94,440.00 ",2951,01-06-2014,6, June ,2014
Enterprise,Mexico, Paseo , Low ,1823,10,125,227875," $2,278.75 ",225596," $2,18,760.00 ",6836,01-07-2014,7, July ,2014
Midmarket,Germany, Paseo , Low ,747,10,15,11205, $112.05 ,11093," $7,470.00 ",3623,01-09-2014,9, September ,2014
Channel Partners,Germany, Paseo , Low ,766,10,12,9192, $91.92 ,9100," $2,298.00 ",6802,01-10-2013,10, October ,2013
Small Business,United States of America, Paseo , Low ,2905,10,300,871500," $8,715.00 ",862785," $7,26,250.00 ",136535,01-11-2014,11, November ,2014
Government,France, Paseo , Low ,2155,10,350,754250," $7,542.50 ",746708," $5,60,300.00 ",186408,01-12-2014,12, December ,2014
Government,France, Velo , Low ,3864,120,20,77280, $772.80 ,76507," $38,640.00 ",37867,01-04-2014,4, April ,2014
Government,Mexico, Velo , Low ,362,120,7,2534, $25.34 ,2509," $1,810.00 ",699,01-05-2014,5, May ,2014
Enterprise,Canada, Velo , Low ,923,120,125,115375," $1,153.75 ",114221," $1,10,760.00 ",3461,01-08-2014,8, August ,2014
Enterprise,United States of America, Velo , Low ,663,120,125,82875, $828.75 ,82046," $79,560.00 ",2486,01-10-2013,10, October ,2013
Government,Canada, Velo , Low ,2092,120,7,14644, $146.44 ,14498," $10,460.00 ",4038,01-11-2013,11, November ,2013
Government,Germany, VTT , Low ,263,250,7,1841, $18.41 ,1823," $1,315.00 ",508,01-03-2014,3, March ,2014
Government,Canada, VTT , Low ,944,250,350,330225," $3,302.25 ",326923," $2,45,310.00 ",81613,01-04-2014,4, April ,2014
Enterprise,United States of America, VTT , Low ,727,250,125,90875, $908.75 ,89966," $87,240.00 ",2726,01-06-2014,6, June ,2014
Enterprise,France, VTT , Low ,787,250,125,98375, $983.75 ,97391," $94,440.00 ",2951,01-06-2014,6, June ,2014
Small Business,Germany, VTT , Low ,986,250,300,295800," $2,958.00 ",292842," $2,46,500.00 ",46342,01-09-2014,9, September ,2014
Small Business,Mexico, VTT , Low ,494,250,300,148200," $1,482.00 ",146718," $1,23,500.00 ",23218,01-10-2013,10, October ,2013
Government,Mexico, VTT , Low ,1397,250,350,488950," $4,889.50 ",484060," $3,63,220.00 ",120840,01-10-2014,10, October ,2014
Enterprise,France, VTT , Low ,1744,250,125,218000," $2,180.00 ",215820," $2,09,280.00 ",6540,01-11-2014,11, November ,2014
Channel Partners,United States of America, Amarilla , Low ,1989,260,12,23868, $238.68 ,23629," $5,967.00 ",17662,01-09-2013,9, September ,2013
Midmarket,France, Amarilla , Low ,321,260,15,4815, $48.15 ,4767," $3,210.00 ",1557,01-11-2013,11, November ,2013
Enterprise,Canada, Carretera , Low ,742,3,125,92812," $1,856.25 ",90956," $89,100.00 ",1856,01-04-2014,4, April ,2014
Channel Partners,Canada, Carretera , Low ,1295,3,12,15540, $310.80 ,15229," $3,885.00 ",11344,01-10-2014,10, October ,2014
Small Business,Germany, Carretera , Low ,214,3,300,64200," $1,284.00 ",62916," $53,500.00 ",9416,01-10-2013,10, October ,2013
Government,France, Carretera , Low ,2145,3,7,15015, $300.30 ,14715," $10,725.00 ",3990,01-11-2013,11, November ,2013
Government,Canada, Carretera , Low ,2852,3,350,998200," $19,964.00 ",978236," $7,41,520.00 ",236716,01-12-2014,12, December ,2014
Channel Partners,United States of America, Montana , Low ,1142,5,12,13704, $274.08 ,13430," $3,426.00 ",10004,01-06-2014,6, June ,2014
Government,United States of America, Montana , Low ,1566,5,20,31320, $626.40 ,30694," $15,660.00 ",15034,01-10-2014,10, October ,2014
Channel Partners,Mexico, Montana , Low ,690,5,12,8280, $165.60 ,8114," $2,070.00 ",6044,01-11-2014,11, November ,2014
Enterprise,Mexico, Montana , Low ,1660,5,125,207500," $4,150.00 ",203350," $1,99,200.00 ",4150,01-11-2013,11, November ,2013
Midmarket,Canada, Paseo , Low ,2363,10,15,35445, $708.90 ,34736," $23,630.00 ",11106,01-02-2014,2, February ,2014
Small Business,France, Paseo , Low ,918,10,300,275400," $5,508.00 ",269892," $2,29,500.00 ",40392,01-05-2014,5, May ,2014
Small Business,Germany, Paseo , Low ,1728,10,300,518400," $10,368.00 ",508032," $4,32,000.00 ",76032,01-05-2014,5, May ,2014
Channel Partners,United States of America, Paseo , Low ,1142,10,12,13704, $274.08 ,13430," $3,426.00 ",10004,01-06-2014,6, June ,2014
Enterprise,Mexico, Paseo , Low ,662,10,125,82750," $1,655.00 ",81095," $79,440.00 ",1655,01-06-2014,6, June ,2014
Channel Partners,Canada, Paseo , Low ,1295,10,12,15540, $310.80 ,15229," $3,885.00 ",11344,01-10-2014,10, October ,2014
Enterprise,Germany, Paseo , Low ,809,10,125,101125," $2,022.50 ",99102," $97,080.00 ",2022,01-10-2013,10, October ,2013
Enterprise,Mexico, Paseo , Low ,2145,10,125,268125," $5,362.50 ",262762," $2,57,400.00 ",5362,01-10-2013,10, October ,2013
Channel Partners,France, Paseo , Low ,1785,10,12,21420, $428.40 ,20992," $5,355.00 ",15637,01-11-2013,11, November ,2013
Small Business,Canada, Paseo , Low ,1916,10,300,574800," $11,496.00 ",563304," $4,79,000.00 ",84304,01-12-2014,12, December ,2014
Government,Canada, Paseo , Low ,2852,10,350,998200," $19,964.00 ",978236," $7,41,520.00 ",236716,01-12-2014,12, December ,2014
Enterprise,Canada, Paseo , Low ,2729,10,125,341125," $6,822.50 ",334302," $3,27,480.00 ",6822,01-12-2014,12, December ,2014
Midmarket,United States of America, Paseo , Low ,1925,10,15,28875, $577.50 ,28298," $19,250.00 ",9048,01-12-2013,12, December ,2013
Government,United States of America, Paseo , Low ,2013,10,7,14091, $281.82 ,13809," $10,065.00 ",3744,01-12-2013,12, December ,2013
Channel Partners,France, Paseo , Low ,1055,10,12,12660, $253.20 ,12407," $3,165.00 ",9242,01-12-2014,12, December ,2014
Channel Partners,Mexico, Paseo , Low ,1084,10,12,13008, $260.16 ,12748," $3,252.00 ",9496,01-12-2014,12, December ,2014
Government,United States of America, Velo , Low ,1566,120,20,31320, $626.40 ,30694," $15,660.00 ",15034,01-10-2014,10, October ,2014
Government,Germany, Velo , Low ,2966,120,350,1038100," $20,762.00 ",1017338," $7,71,160.00 ",246178,01-10-2013,10, October ,2013
Government,Germany, Velo , Low ,2877,120,350,1006950," $20,139.00 ",986811," $7,48,020.00 ",238791,01-10-2014,10, October ,2014
Enterprise,Germany, Velo , Low ,809,120,125,101125," $2,022.50 ",99102," $97,080.00 ",2022,01-10-2013,10, October ,2013
Enterprise,Mexico, Velo , Low ,2145,120,125,268125," $5,362.50 ",262762," $2,57,400.00 ",5362,01-10-2013,10, October ,2013
Channel Partners,France, Velo , Low ,1055,120,12,12660, $253.20 ,12407," $3,165.00 ",9242,01-12-2014,12, December ,2014
Government,Mexico, Velo , Low ,544,120,20,10880, $217.60 ,10662," $5,440.00 ",5222,01-12-2013,12, December ,2013
Channel Partners,Mexico, Velo , Low ,1084,120,12,13008, $260.16 ,12748," $3,252.00 ",9496,01-12-2014,12, December ,2014
Enterprise,Mexico, VTT , Low ,662,250,125,82750," $1,655.00 ",81095," $79,440.00 ",1655,01-06-2014,6, June ,2014
Small Business,Germany, VTT , Low ,214,250,300,64200," $1,284.00 ",62916," $53,500.00 ",9416,01-10-2013,10, October ,2013
Government,Germany, VTT , Low ,2877,250,350,1006950," $20,139.00 ",986811," $7,48,020.00 ",238791,01-10-2014,10, October ,2014
Enterprise,Canada, VTT , Low ,2729,250,125,341125," $6,822.50 ",334302," $3,27,480.00 ",6822,01-12-2014,12, December ,2014
Government,United States of America, VTT , Low ,266,250,350,93100," $1,862.00 ",91238," $69,160.00 ",22078,01-12-2013,12, December ,2013
Government,Mexico, VTT , Low ,1940,250,350,679000," $13,580.00 ",665420," $5,04,400.00 ",161020,01-12-2013,12, December ,2013
Small Business,Germany, Amarilla , Low ,259,260,300,77700," $1,554.00 ",76146," $64,750.00 ",11396,01-03-2014,3, March ,2014
Small Business,Mexico, Amarilla , Low ,1101,260,300,330300," $6,606.00 ",323694," $2,75,250.00 ",48444,01-03-2014,3, March ,2014
Enterprise,Germany, Amarilla , Low ,2276,260,125,284500," $5,690.00 ",278810," $2,73,120.00 ",5690,01-05-2014,5, May ,2014
Government,Germany, Amarilla , Low ,2966,260,350,1038100," $20,762.00 ",1017338," $7,71,160.00 ",246178,01-10-2013,10, October ,2013
Government,United States of America, Amarilla , Low ,1236,260,20,24720, $494.40 ,24226," $12,360.00 ",11866,01-11-2014,11, November ,2014
Government,France, Amarilla , Low ,941,260,20,18820, $376.40 ,18444," $9,410.00 ",9034,01-11-2014,11, November ,2014
Small Business,Canada, Amarilla , Low ,1916,260,300,574800," $11,496.00 ",563304," $4,79,000.00 ",84304,01-12-2014,12, December ,2014
Enterprise,France, Carretera , Low ,4244,3,125,530438," $15,913.13 ",514524," $5,09,220.00 ",5304,01-04-2014,4, April ,2014
Government,Germany, Carretera , Low ,2580,3,20,51600," $1,548.00 ",50052," $25,800.00 ",24252,01-04-2014,4, April ,2014
Small Business,Germany, Carretera , Low ,689,3,300,206700," $6,201.00 ",200499," $1,72,250.00 ",28249,01-06-2014,6, June ,2014
Channel Partners,United States of America, Carretera , Low ,1947,3,12,23364, $700.92 ,22663," $5,841.00 ",16822,01-09-2014,9, September ,2014
Channel Partners,Canada, Carretera , Low ,908,3,12,10896, $326.88 ,10569," $2,724.00 ",7845,01-12-2013,12, December ,2013
Government,Germany, Montana , Low ,1958,5,7,13706, $411.18 ,13295," $9,790.00 ",3505,01-02-2014,2, February ,2014
Channel Partners,France, Montana , Low ,1901,5,12,22812, $684.36 ,22128," $5,703.00 ",16425,01-06-2014,6, June ,2014
Government,France, Montana , Low ,544,5,7,3808, $114.24 ,3694," $2,720.00 ",974,01-09-2014,9, September ,2014
Government,Germany, Montana , Low ,1797,5,350,628950," $18,868.50 ",610082," $4,67,220.00 ",142862,01-09-2013,9, September ,2013
Enterprise,France, Montana , Low ,1287,5,125,160875," $4,826.25 ",156049," $1,54,440.00 ",1609,01-12-2014,12, December ,2014
Enterprise,Germany, Montana , Low ,1706,5,125,213250," $6,397.50 ",206852," $2,04,720.00 ",2132,01-12-2014,12, December ,2014
Small Business,France, Paseo , Low ,2434,10,300,730350," $21,910.50 ",708440," $6,08,625.00 ",99814,01-01-2014,1, January ,2014
Enterprise,Canada, Paseo , Low ,1774,10,125,221750," $6,652.50 ",215098," $2,12,880.00 ",2218,01-03-2014,3, March ,2014
Channel Partners,France, Paseo , Low ,1901,10,12,22812, $684.36 ,22128," $5,703.00 ",16425,01-06-2014,6, June ,2014
Small Business,Germany, Paseo , Low ,689,10,300,206700," $6,201.00 ",200499," $1,72,250.00 ",28249,01-06-2014,6, June ,2014
Enterprise,Germany, Paseo , Low ,1570,10,125,196250," $5,887.50 ",190362," $1,88,400.00 ",1962,01-06-2014,6, June ,2014
Channel Partners,United States of America, Paseo , Low ,1370,10,12,16434, $493.02 ,15941," $4,108.50 ",11832,01-07-2014,7, July ,2014
Enterprise,Canada, Paseo , Low ,2009,10,125,251125," $7,533.75 ",243591," $2,41,080.00 ",2511,01-10-2014,10, October ,2014
Midmarket,Germany, Paseo , Low ,1945,10,15,29175, $875.25 ,28300," $19,450.00 ",8850,01-10-2013,10, October ,2013
Enterprise,France, Paseo , Low ,1287,10,125,160875," $4,826.25 ",156049," $1,54,440.00 ",1609,01-12-2014,12, December ,2014
Enterprise,Germany, Paseo , Low ,1706,10,125,213250," $6,397.50 ",206852," $2,04,720.00 ",2132,01-12-2014,12, December ,2014
Enterprise,Canada, Velo , Low ,2009,120,125,251125," $7,533.75 ",243591," $2,41,080.00 ",2511,01-10-2014,10, October ,2014
Small Business,United States of America, VTT , Low ,2844,250,300,853200," $25,596.00 ",827604," $7,11,000.00 ",116604,01-02-2014,2, February ,2014
Channel Partners,Mexico, VTT , Low ,1916,250,12,22992, $689.76 ,22302," $5,748.00 ",16554,01-04-2014,4, April ,2014
Enterprise,Germany, VTT , Low ,1570,250,125,196250," $5,887.50 ",190362," $1,88,400.00 ",1962,01-06-2014,6, June ,2014
Small Business,Canada, VTT , Low ,1874,250,300,562200," $16,866.00 ",545334," $4,68,500.00 ",76834,01-08-2014,8, August ,2014
Government,Mexico, VTT , Low ,1642,250,350,574700," $17,241.00 ",557459," $4,26,920.00 ",130539,01-08-2014,8, August ,2014
Midmarket,Germany, VTT , Low ,1945,250,15,29175, $875.25 ,28300," $19,450.00 ",8850,01-10-2013,10, October ,2013
Government,Canada, Carretera , Low ,831,3,20,16620, $498.60 ,16121," $8,310.00 ",7811,01-05-2014,5, May ,2014
Government,Mexico, Paseo , Low ,1760,10,7,12320, $369.60 ,11950," $8,800.00 ",3150,01-09-2013,9, September ,2013
Government,Canada, Velo , Low ,3850,120,20,77010," $2,310.30 ",74700," $38,505.00 ",36195,01-04-2014,4, April ,2014
Channel Partners,Germany, VTT , Low ,2479,250,12,29748, $892.44 ,28856," $7,437.00 ",21419,01-01-2014,1, January ,2014
Midmarket,Mexico, Montana , Low ,2031,5,15,30465," $1,218.60 ",29246," $20,310.00 ",8936,01-10-2014,10, October ,2014
Midmarket,Mexico, Paseo , Low ,2031,10,15,30465," $1,218.60 ",29246," $20,310.00 ",8936,01-10-2014,10, October ,2014
Midmarket,France, Paseo , Low ,2261,10,15,33915," $1,356.60 ",32558," $22,610.00 ",9948,01-12-2013,12, December ,2013
Government,United States of America, Velo , Low ,736,120,20,14720, $588.80 ,14131," $7,360.00 ",6771,01-09-2013,9, September ,2013
Government,Canada, Carretera , Low ,2851,3,7,19957, $798.28 ,19159," $14,255.00 ",4904,01-10-2013,10, October ,2013
Small Business,Germany, Carretera , Low ,2021,3,300,606300," $24,252.00 ",582048," $5,05,250.00 ",76798,01-10-2014,10, October ,2014
Government,United States of America, Carretera , Low ,274,3,350,95900," $3,836.00 ",92064," $71,240.00 ",20824,01-12-2014,12, December ,2014
Midmarket,Canada, Montana , Low ,1967,5,15,29505," $1,180.20 ",28325," $19,670.00 ",8655,01-03-2014,3, March ,2014
Small Business,Germany, Montana , Low ,1859,5,300,557700," $22,308.00 ",535392," $4,64,750.00 ",70642,01-08-2014,8, August ,2014
Government,Canada, Montana , Low ,2851,5,7,19957, $798.28 ,19159," $14,255.00 ",4904,01-10-2013,10, October ,2013
Small Business,Germany, Montana , Low ,2021,5,300,606300," $24,252.00 ",582048," $5,05,250.00 ",76798,01-10-2014,10, October ,2014
Enterprise,Mexico, Montana , Low ,1138,5,125,142250," $5,690.00 ",136560," $1,36,560.00 ",,01-12-2014,12, December ,2014
Government,Canada, Paseo , Low ,4251,10,7,29757," $1,190.28 ",28567," $21,255.00 ",7312,01-01-2014,1, January ,2014
Enterprise,Germany, Paseo , Low ,795,10,125,99375," $3,975.00 ",95400," $95,400.00 ",,01-03-2014,3, March ,2014
Small Business,Germany, Paseo , Low ,1414,10,300,424350," $16,974.00 ",407376," $3,53,625.00 ",53751,01-04-2014,4, April ,2014
Small Business,United States of America, Paseo , Low ,2918,10,300,875400," $35,016.00 ",840384," $7,29,500.00 ",110884,01-05-2014,5, May ,2014
Government,United States of America, Paseo , Low ,3450,10,350,1207500," $48,300.00 ",1159200," $8,97,000.00 ",262200,01-07-2014,7, July ,2014
Enterprise,France, Paseo , Low ,2988,10,125,373500," $14,940.00 ",358560," $3,58,560.00 ",,01-07-2014,7, July ,2014
Midmarket,Canada, Paseo , Low ,218,10,15,3270, $130.80 ,3139," $2,180.00 ",959,01-09-2014,9, September ,2014
Government,Canada, Paseo , Low ,2074,10,20,41480," $1,659.20 ",39821," $20,740.00 ",19081,01-09-2014,9, September ,2014
Government,United States of America, Paseo , Low ,1056,10,20,21120, $844.80 ,20275," $10,560.00 ",9715,01-09-2014,9, September ,2014
Midmarket,United States of America, Paseo , Low ,671,10,15,10065, $402.60 ,9662," $6,710.00 ",2952,01-10-2013,10, October ,2013
Midmarket,Mexico, Paseo , Low ,1514,10,15,22710, $908.40 ,21802," $15,140.00 ",6662,01-10-2013,10, October ,2013
Government,United States of America, Paseo , Low ,274,10,350,95900," $3,836.00 ",92064," $71,240.00 ",20824,01-12-2014,12, December ,2014
Enterprise,Mexico, Paseo , Low ,1138,10,125,142250," $5,690.00 ",136560," $1,36,560.00 ",,01-12-2014,12, December ,2014
Channel Partners,United States of America, Velo , Low ,1465,120,12,17580, $703.20 ,16877," $4,395.00 ",12482,01-03-2014,3, March ,2014
Government,Canada, Velo , Low ,2646,120,20,52920," $2,116.80 ",50803," $26,460.00 ",24343,01-09-2013,9, September ,2013
Government,France, Velo , Low ,2177,120,350,761950," $30,478.00 ",731472," $5,66,020.00 ",165452,01-10-2014,10, October ,2014
Channel Partners,France, VTT , Low ,866,250,12,10392, $415.68 ,9976," $2,598.00 ",7378,01-05-2014,5, May ,2014
Government,United States of America, VTT , Low ,349,250,350,122150," $4,886.00 ",117264," $90,740.00 ",26524,01-09-2013,9, September ,2013
Government,France, VTT , Low ,2177,250,350,761950," $30,478.00 ",731472," $5,66,020.00 ",165452,01-10-2014,10, October ,2014
Midmarket,Mexico, VTT , Low ,1514,250,15,22710, $908.40 ,21802," $15,140.00 ",6662,01-10-2013,10, October ,2013
Government,Mexico, Amarilla , Low ,1865,260,350,652750," $26,110.00 ",626640," $4,84,900.00 ",141740,01-02-2014,2, February ,2014
Enterprise,Mexico, Amarilla , Low ,1074,260,125,134250," $5,370.00 ",128880," $1,28,880.00 ",,01-04-2014,4, April ,2014
Government,Germany, Amarilla , Low ,1907,260,350,667450," $26,698.00 ",640752," $4,95,820.00 ",144932,01-09-2014,9, September ,2014
Midmarket,United States of America, Amarilla , Low ,671,260,15,10065, $402.60 ,9662," $6,710.00 ",2952,01-10-2013,10, October ,2013
Government,Canada, Amarilla , Low ,1778,260,350,622300," $24,892.00 ",597408," $4,62,280.00 ",135128,01-12-2013,12, December ,2013
Government,Germany, Montana , Medium ,1159,5,7,8113, $405.65 ,7707," $5,795.00 ",1912,01-10-2013,10, October ,2013
Government,Germany, Paseo , Medium ,1372,10,7,9604, $480.20 ,9124," $6,860.00 ",2264,01-01-2014,1, January ,2014
Government,Canada, Paseo , Medium ,2349,10,7,16443, $822.15 ,15621," $11,745.00 ",3876,01-09-2013,9, September ,2013
Government,Mexico, Paseo , Medium ,2689,10,7,18823, $941.15 ,17882," $13,445.00 ",4437,01-10-2014,10, October ,2014
Channel Partners,Canada, Paseo , Medium ,2431,10,12,29172," $1,458.60 ",27713," $7,293.00 ",20420,01-12-2014,12, December ,2014
Channel Partners,Canada, Velo , Medium ,2431,120,12,29172," $1,458.60 ",27713," $7,293.00 ",20420,01-12-2014,12, December ,2014
Government,Mexico, VTT , Medium ,2689,250,7,18823, $941.15 ,17882," $13,445.00 ",4437,01-10-2014,10, October ,2014
Government,Mexico, Amarilla , Medium ,1683,260,7,11781, $589.05 ,11192," $8,415.00 ",2777,01-07-2014,7, July ,2014
Channel Partners,Mexico, Amarilla , Medium ,1123,260,12,13476, $673.80 ,12802," $3,369.00 ",9433,01-08-2014,8, August ,2014
Government,Germany, Amarilla , Medium ,1159,260,7,8113, $405.65 ,7707," $5,795.00 ",1912,01-10-2013,10, October ,2013
Channel Partners,France, Carretera , Medium ,1865,3,12,22380," $1,119.00 ",21261," $5,595.00 ",15666,01-02-2014,2, February ,2014
Channel Partners,Germany, Carretera , Medium ,1116,3,12,13392, $669.60 ,12722," $3,348.00 ",9374,01-02-2014,2, February ,2014
Government,France, Carretera , Medium ,1563,3,20,31260," $1,563.00 ",29697," $15,630.00 ",14067,01-05-2014,5, May ,2014
Small Business,United States of America, Carretera , Medium ,991,3,300,297300," $14,865.00 ",282435," $2,47,750.00 ",34685,01-06-2014,6, June ,2014
Government,Germany, Carretera , Medium ,1016,3,7,7112, $355.60 ,6756," $5,080.00 ",1676,01-11-2013,11, November ,2013
Midmarket,Mexico, Carretera , Medium ,2791,3,15,41865," $2,093.25 ",39772," $27,910.00 ",11862,01-11-2014,11, November ,2014
Government,United States of America, Carretera , Medium ,570,3,7,3990, $199.50 ,3790," $2,850.00 ",940,01-12-2014,12, December ,2014
Government,France, Carretera , Medium ,2487,3,7,17409, $870.45 ,16539," $12,435.00 ",4104,01-12-2014,12, December ,2014
Government,France, Montana , Medium ,1384,5,350,484575," $24,228.75 ",460346," $3,59,970.00 ",100376,01-01-2014,1, January ,2014
Enterprise,United States of America, Montana , Medium ,3627,5,125,453375," $22,668.75 ",430706," $4,35,240.00 ",-4534,01-07-2014,7, July ,2014
Government,Mexico, Montana , Medium ,720,5,350,252000," $12,600.00 ",239400," $1,87,200.00 ",52200,01-09-2013,9, September ,2013
Channel Partners,Germany, Montana , Medium ,2342,5,12,28104," $1,405.20 ",26699," $7,026.00 ",19673,01-11-2014,11, November ,2014
Small Business,Mexico, Montana , Medium ,1100,5,300,330000," $16,500.00 ",313500," $2,75,000.00 ",38500,01-12-2013,12, December ,2013
Government,France, Paseo , Medium ,1303,10,20,26060," $1,303.00 ",24757," $13,030.00 ",11727,01-02-2014,2, February ,2014
Enterprise,United States of America, Paseo , Medium ,2992,10,125,374000," $18,700.00 ",355300," $3,59,040.00 ",-3740,01-03-2014,3, March ,2014
Enterprise,France, Paseo , Medium ,2385,10,125,298125," $14,906.25 ",283219," $2,86,200.00 ",-2981,01-03-2014,3, March ,2014
Small Business,Mexico, Paseo , Medium ,1607,10,300,482100," $24,105.00 ",457995," $4,01,750.00 ",56245,01-04-2014,4, April ,2014
Government,United States of America, Paseo , Medium ,2327,10,7,16289, $814.45 ,15475," $11,635.00 ",3840,01-05-2014,5, May ,2014
Small Business,United States of America, Paseo , Medium ,991,10,300,297300," $14,865.00 ",282435," $2,47,750.00 ",34685,01-06-2014,6, June ,2014
Government,United States of America, Paseo , Medium ,602,10,350,210700," $10,535.00 ",200165," $1,56,520.00 ",43645,01-06-2014,6, June ,2014
Midmarket,France, Paseo , Medium ,2620,10,15,39300," $1,965.00 ",37335," $26,200.00 ",11135,01-09-2014,9, September ,2014
Government,Canada, Paseo , Medium ,1228,10,350,429800," $21,490.00 ",408310," $3,19,280.00 ",89030,01-10-2013,10, October ,2013
Government,Canada, Paseo , Medium ,1389,10,20,27780," $1,389.00 ",26391," $13,890.00 ",12501,01-10-2013,10, October ,2013
Enterprise,United States of America, Paseo , Medium ,861,10,125,107625," $5,381.25 ",102244," $1,03,320.00 ",-1076,01-10-2014,10, October ,2014
Enterprise,France, Paseo , Medium ,704,10,125,88000," $4,400.00 ",83600," $84,480.00 ",-880,01-10-2013,10, October ,2013
Government,Canada, Paseo , Medium ,1802,10,20,36040," $1,802.00 ",34238," $18,020.00 ",16218,01-12-2013,12, December ,2013
Government,United States of America, Paseo , Medium ,2663,10,20,53260," $2,663.00 ",50597," $26,630.00 ",23967,01-12-2014,12, December ,2014
Government,France, Paseo , Medium ,2136,10,7,14952, $747.60 ,14204," $10,680.00 ",3524,01-12-2013,12, December ,2013
Midmarket,Germany, Paseo , Medium ,2116,10,15,31740," $1,587.00 ",30153," $21,160.00 ",8993,01-12-2013,12, December ,2013
Midmarket,United States of America, Velo , Medium ,555,120,15,8325, $416.25 ,7909," $5,550.00 ",2359,01-01-2014,1, January ,2014
Midmarket,Mexico, Velo , Medium ,2861,120,15,42915," $2,145.75 ",40769," $28,610.00 ",12159,01-01-2014,1, January ,2014
Enterprise,Germany, Velo , Medium ,807,120,125,100875," $5,043.75 ",95831," $96,840.00 ",-1009,01-02-2014,2, February ,2014
Government,United States of America, Velo , Medium ,602,120,350,210700," $10,535.00 ",200165," $1,56,520.00 ",43645,01-06-2014,6, June ,2014
Government,United States of America, Velo , Medium ,2832,120,20,56640," $2,832.00 ",53808," $28,320.00 ",25488,01-08-2014,8, August ,2014
Government,France, Velo , Medium ,1579,120,20,31580," $1,579.00 ",30001," $15,790.00 ",14211,01-08-2014,8, August ,2014
Enterprise,United States of America, Velo , Medium ,861,120,125,107625," $5,381.25 ",102244," $1,03,320.00 ",-1076,01-10-2014,10, October ,2014
Enterprise,France, Velo , Medium ,704,120,125,88000," $4,400.00 ",83600," $84,480.00 ",-880,01-10-2013,10, October ,2013
Government,France, Velo , Medium ,1033,120,20,20660," $1,033.00 ",19627," $10,330.00 ",9297,01-12-2013,12, December ,2013
Small Business,Germany, Velo , Medium ,1250,120,300,375000," $18,750.00 ",356250," $3,12,500.00 ",43750,01-12-2014,12, December ,2014
Government,Canada, VTT , Medium ,1389,250,20,27780," $1,389.00 ",26391," $13,890.00 ",12501,01-10-2013,10, October ,2013
Government,United States of America, VTT , Medium ,1265,250,20,25300," $1,265.00 ",24035," $12,650.00 ",11385,01-11-2013,11, November ,2013
Government,Germany, VTT , Medium ,2297,250,20,45940," $2,297.00 ",43643," $22,970.00 ",20673,01-11-2013,11, November ,2013
Government,United States of America, VTT , Medium ,2663,250,20,53260," $2,663.00 ",50597," $26,630.00 ",23967,01-12-2014,12, December ,2014
Government,United States of America, VTT , Medium ,570,250,7,3990, $199.50 ,3790," $2,850.00 ",940,01-12-2014,12, December ,2014
Government,France, VTT , Medium ,2487,250,7,17409, $870.45 ,16539," $12,435.00 ",4104,01-12-2014,12, December ,2014
Government,Germany, Amarilla , Medium ,1350,260,350,472500," $23,625.00 ",448875," $3,51,000.00 ",97875,01-02-2014,2, February ,2014
Government,Canada, Amarilla , Medium ,552,260,350,193200," $9,660.00 ",183540," $1,43,520.00 ",40020,01-08-2014,8, August ,2014
Government,Canada, Amarilla , Medium ,1228,260,350,429800," $21,490.00 ",408310," $3,19,280.00 ",89030,01-10-2013,10, October ,2013
Small Business,Germany, Amarilla , Medium ,1250,260,300,375000," $18,750.00 ",356250," $3,12,500.00 ",43750,01-12-2014,12, December ,2014
Midmarket,France, Paseo , Medium ,3801,10,15,57015," $3,420.90 ",53594," $38,010.00 ",15584,01-04-2014,4, April ,2014
Government,United States of America, Carretera , Medium ,1118,3,20,22350," $1,341.00 ",21009," $11,175.00 ",9834,01-01-2014,1, January ,2014
Midmarket,Canada, Carretera , Medium ,2844,3,15,42660," $2,559.60 ",40100," $28,440.00 ",11660,01-06-2014,6, June ,2014
Channel Partners,Mexico, Carretera , Medium ,562,3,12,6744, $404.64 ,6339," $1,686.00 ",4653,01-09-2014,9, September ,2014
Channel Partners,Canada, Carretera , Medium ,2299,3,12,27588," $1,655.28 ",25933," $6,897.00 ",19036,01-10-2013,10, October ,2013
Midmarket,United States of America, Carretera , Medium ,2030,3,15,30450," $1,827.00 ",28623," $20,300.00 ",8323,01-11-2014,11, November ,2014
Government,United States of America, Carretera , Medium ,263,3,7,1841, $110.46 ,1731," $1,315.00 ",416,01-11-2013,11, November ,2013
Enterprise,Germany, Carretera , Medium ,887,3,125,110875," $6,652.50 ",104222," $1,06,440.00 ",-2218,01-12-2013,12, December ,2013
Government,Mexico, Montana , Medium ,980,5,350,343000," $20,580.00 ",322420," $2,54,800.00 ",67620,01-04-2014,4, April ,2014
Government,Germany, Montana , Medium ,1460,5,350,511000," $30,660.00 ",480340," $3,79,600.00 ",100740,01-05-2014,5, May ,2014
Government,France, Montana , Medium ,1403,5,7,9821, $589.26 ,9232," $7,015.00 ",2217,01-10-2013,10, October ,2013
Channel Partners,United States of America, Montana , Medium ,2723,5,12,32676," $1,960.56 ",30715," $8,169.00 ",22546,01-11-2014,11, November ,2014
Government,France, Paseo , Medium ,1496,10,350,523600," $31,416.00 ",492184," $3,88,960.00 ",103224,01-06-2014,6, June ,2014
Channel Partners,Canada, Paseo , Medium ,2299,10,12,27588," $1,655.28 ",25933," $6,897.00 ",19036,01-10-2013,10, October ,2013
Government,United States of America, Paseo , Medium ,727,10,350,254450," $15,267.00 ",239183," $1,89,020.00 ",50163,01-10-2013,10, October ,2013
Enterprise,Canada, Velo , Medium ,952,120,125,119000," $7,140.00 ",111860," $1,14,240.00 ",-2380,01-02-2014,2, February ,2014
Enterprise,United States of America, Velo , Medium ,2755,120,125,344375," $20,662.50 ",323712," $3,30,600.00 ",-6888,01-02-2014,2, February ,2014
Midmarket,Germany, Velo , Medium ,1530,120,15,22950," $1,377.00 ",21573," $15,300.00 ",6273,01-05-2014,5, May ,2014
Government,France, Velo , Medium ,1496,120,350,523600," $31,416.00 ",492184," $3,88,960.00 ",103224,01-06-2014,6, June ,2014
Government,Mexico, Velo , Medium ,1498,120,7,10486, $629.16 ,9857," $7,490.00 ",2367,01-06-2014,6, June ,2014
Small Business,France, Velo , Medium ,1221,120,300,366300," $21,978.00 ",344322," $3,05,250.00 ",39072,01-10-2013,10, October ,2013
Government,France, Velo , Medium ,2076,120,350,726600," $43,596.00 ",683004," $5,39,760.00 ",143244,01-10-2013,10, October ,2013
Midmarket,Canada, VTT , Medium ,2844,250,15,42660," $2,559.60 ",40100," $28,440.00 ",11660,01-06-2014,6, June ,2014
Government,Mexico, VTT , Medium ,1498,250,7,10486, $629.16 ,9857," $7,490.00 ",2367,01-06-2014,6, June ,2014
Small Business,France, VTT , Medium ,1221,250,300,366300," $21,978.00 ",344322," $3,05,250.00 ",39072,01-10-2013,10, October ,2013
Government,Mexico, VTT , Medium ,1123,250,20,22460," $1,347.60 ",21112," $11,230.00 ",9882,01-11-2013,11, November ,2013
Small Business,Canada, VTT , Medium ,2436,250,300,730800," $43,848.00 ",686952," $6,09,000.00 ",77952,01-12-2013,12, December ,2013
Enterprise,France, Amarilla , Medium ,1988,260,125,248438," $14,906.25 ",233531," $2,38,500.00 ",-4969,01-01-2014,1, January ,2014
Government,Mexico, Amarilla , Medium ,1679,260,350,587650," $35,259.00 ",552391," $4,36,540.00 ",115851,01-09-2014,9, September ,2014
Government,United States of America, Amarilla , Medium ,727,260,350,254450," $15,267.00 ",239183," $1,89,020.00 ",50163,01-10-2013,10, October ,2013
Government,France, Amarilla , Medium ,1403,260,7,9821, $589.26 ,9232," $7,015.00 ",2217,01-10-2013,10, October ,2013
Government,France, Amarilla , Medium ,2076,260,350,726600," $43,596.00 ",683004," $5,39,760.00 ",143244,01-10-2013,10, October ,2013
Government,France, Montana , Medium ,1757,5,20,35140," $2,108.40 ",33032," $17,570.00 ",15462,01-10-2013,10, October ,2013
Midmarket,United States of America, Paseo , Medium ,2198,10,15,32970," $1,978.20 ",30992," $21,980.00 ",9012,01-08-2014,8, August ,2014
Midmarket,Germany, Paseo , Medium ,1743,10,15,26145," $1,568.70 ",24576," $17,430.00 ",7146,01-08-2014,8, August ,2014
Midmarket,United States of America, Paseo , Medium ,1153,10,15,17295," $1,037.70 ",16257," $11,530.00 ",4727,01-10-2014,10, October ,2014
Government,France, Paseo , Medium ,1757,10,20,35140," $2,108.40 ",33032," $17,570.00 ",15462,01-10-2013,10, October ,2013
Government,Germany, Velo , Medium ,1001,120,20,20020," $1,201.20 ",18819," $10,010.00 ",8809,01-08-2014,8, August ,2014
Government,Mexico, Velo , Medium ,1333,120,7,9331, $559.86 ,8771," $6,665.00 ",2106,01-11-2014,11, November ,2014
Midmarket,United States of America, VTT , Medium ,1153,250,15,17295," $1,037.70 ",16257," $11,530.00 ",4727,01-10-2014,10, October ,2014
Channel Partners,Mexico, Carretera , Medium ,727,3,12,8724, $610.68 ,8113," $2,181.00 ",5932,01-02-2014,2, February ,2014
Channel Partners,Canada, Carretera , Medium ,1884,3,12,22608," $1,582.56 ",21025," $5,652.00 ",15373,01-08-2014,8, August ,2014
Government,Mexico, Carretera , Medium ,1834,3,20,36680," $2,567.60 ",34112," $18,340.00 ",15772,01-09-2013,9, September ,2013
Channel Partners,Mexico, Montana , Medium ,2340,5,12,28080," $1,965.60 ",26114," $7,020.00 ",19094,01-01-2014,1, January ,2014
Channel Partners,France, Montana , Medium ,2342,5,12,28104," $1,967.28 ",26137," $7,026.00 ",19111,01-11-2014,11, November ,2014
Government,France, Paseo , Medium ,1031,10,7,7217, $505.19 ,6712," $5,155.00 ",1557,01-09-2013,9, September ,2013
Midmarket,Canada, Velo , Medium ,1262,120,15,18930," $1,325.10 ",17605," $12,620.00 ",4985,01-05-2014,5, May ,2014
Government,Canada, Velo , Medium ,1135,120,7,7945, $556.15 ,7389," $5,675.00 ",1714,01-06-2014,6, June ,2014
Government,United States of America, Velo , Medium ,547,120,7,3829, $268.03 ,3561," $2,735.00 ",826,01-11-2014,11, November ,2014
Government,Canada, Velo , Medium ,1582,120,7,11074, $775.18 ,10299," $7,910.00 ",2389,01-12-2014,12, December ,2014
Channel Partners,France, VTT , Medium ,1738,250,12,20862," $1,460.34 ",19402," $5,215.50 ",14186,01-04-2014,4, April ,2014
Channel Partners,Germany, VTT , Medium ,2215,250,12,26580," $1,860.60 ",24719," $6,645.00 ",18074,01-09-2013,9, September ,2013
Government,Canada, VTT , Medium ,1582,250,7,11074, $775.18 ,10299," $7,910.00 ",2389,01-12-2014,12, December ,2014
Government,Canada, Amarilla , Medium ,1135,260,7,7945, $556.15 ,7389," $5,675.00 ",1714,01-06-2014,6, June ,2014
Government,United States of America, Carretera , Medium ,1761,3,350,616350," $43,144.50 ",573206," $4,57,860.00 ",115346,01-03-2014,3, March ,2014
Small Business,France, Carretera , Medium ,448,3,300,134400," $9,408.00 ",124992," $1,12,000.00 ",12992,01-06-2014,6, June ,2014
Small Business,France, Carretera , Medium ,2181,3,300,654300," $45,801.00 ",608499," $5,45,250.00 ",63249,01-10-2014,10, October ,2014
Government,France, Montana , Medium ,1976,5,20,39520," $2,766.40 ",36754," $19,760.00 ",16994,01-10-2014,10, October ,2014
Small Business,France, Montana , Medium ,2181,5,300,654300," $45,801.00 ",608499," $5,45,250.00 ",63249,01-10-2014,10, October ,2014
Enterprise,Germany, Montana , Medium ,2500,5,125,312500," $21,875.00 ",290625," $3,00,000.00 ",-9375,01-11-2013,11, November ,2013
Small Business,Canada, Paseo , Medium ,1702,10,300,510600," $35,742.00 ",474858," $4,25,500.00 ",49358,01-05-2014,5, May ,2014
Small Business,France, Paseo , Medium ,448,10,300,134400," $9,408.00 ",124992," $1,12,000.00 ",12992,01-06-2014,6, June ,2014
Enterprise,Germany, Paseo , Medium ,3513,10,125,439125," $30,738.75 ",408386," $4,21,560.00 ",-13174,01-07-2014,7, July ,2014
Midmarket,France, Paseo , Medium ,2101,10,15,31515," $2,206.05 ",29309," $21,010.00 ",8299,01-08-2014,8, August ,2014
Midmarket,United States of America, Paseo , Medium ,2931,10,15,43965," $3,077.55 ",40887," $29,310.00 ",11577,01-09-2013,9, September ,2013
Government,France, Paseo , Medium ,1535,10,20,30700," $2,149.00 ",28551," $15,350.00 ",13201,01-09-2014,9, September ,2014
Small Business,Germany, Paseo , Medium ,1123,10,300,336900," $23,583.00 ",313317," $2,80,750.00 ",32567,01-09-2013,9, September ,2013
Small Business,Canada, Paseo , Medium ,1404,10,300,421200," $29,484.00 ",391716," $3,51,000.00 ",40716,01-11-2013,11, November ,2013
Channel Partners,Mexico, Paseo , Medium ,2763,10,12,33156," $2,320.92 ",30835," $8,289.00 ",22546,01-11-2013,11, November ,2013
Government,Germany, Paseo , Medium ,2125,10,7,14875," $1,041.25 ",13834," $10,625.00 ",3209,01-12-2013,12, December ,2013
Small Business,France, Velo , Medium ,1659,120,300,497700," $34,839.00 ",462861," $4,14,750.00 ",48111,01-07-2014,7, July ,2014
Government,Mexico, Velo , Medium ,609,120,20,12180, $852.60 ,11327," $6,090.00 ",5237,01-08-2014,8, August ,2014
Enterprise,Germany, Velo , Medium ,2087,120,125,260875," $18,261.25 ",242614," $2,50,440.00 ",-7826,01-09-2014,9, September ,2014
Government,France, Velo , Medium ,1976,120,20,39520," $2,766.40 ",36754," $19,760.00 ",16994,01-10-2014,10, October ,2014
Government,United States of America, Velo , Medium ,1421,120,20,28420," $1,989.40 ",26431," $14,210.00 ",12221,01-12-2013,12, December ,2013
Small Business,United States of America, Velo , Medium ,1372,120,300,411600," $28,812.00 ",382788," $3,43,000.00 ",39788,01-12-2014,12, December ,2014
Government,Germany, Velo , Medium ,588,120,20,11760, $823.20 ,10937," $5,880.00 ",5057,01-12-2013,12, December ,2013
Channel Partners,Canada, VTT , Medium ,3244,250,12,38934," $2,725.38 ",36209," $9,733.50 ",26475,01-01-2014,1, January ,2014
Small Business,France, VTT , Medium ,959,250,300,287700," $20,139.00 ",267561," $2,39,750.00 ",27811,01-02-2014,2, February ,2014
Small Business,Mexico, VTT , Medium ,2747,250,300,824100," $57,687.00 ",766413," $6,86,750.00 ",79663,01-02-2014,2, February ,2014
Enterprise,Canada, Amarilla , Medium ,1645,260,125,205625," $14,393.75 ",191231," $1,97,400.00 ",-6169,01-05-2014,5, May ,2014
Government,France, Amarilla , Medium ,2876,260,350,1006600," $70,462.00 ",936138," $7,47,760.00 ",188378,01-09-2014,9, September ,2014
Enterprise,Germany, Amarilla , Medium ,994,260,125,124250," $8,697.50 ",115552," $1,19,280.00 ",-3728,01-09-2013,9, September ,2013
Government,Canada, Amarilla , Medium ,1118,260,20,22360," $1,565.20 ",20795," $11,180.00 ",9615,01-11-2014,11, November ,2014
Small Business,United States of America, Amarilla , Medium ,1372,260,300,411600," $28,812.00 ",382788," $3,43,000.00 ",39788,01-12-2014,12, December ,2014
Government,Canada, Montana , Medium ,488,5,7,3416, $273.28 ,3143," $2,440.00 ",703,01-02-2014,2, February ,2014
Government,United States of America, Montana , Medium ,1282,5,20,25640," $2,051.20 ",23589," $12,820.00 ",10769,01-06-2014,6, June ,2014
Government,Canada, Paseo , Medium ,257,10,7,1799, $143.92 ,1655," $1,285.00 ",370,01-05-2014,5, May ,2014
Government,United States of America, Amarilla , Medium ,1282,260,20,25640," $2,051.20 ",23589," $12,820.00 ",10769,01-06-2014,6, June ,2014
Enterprise,Mexico, Carretera , Medium ,1540,3,125,192500," $15,400.00 ",177100," $1,84,800.00 ",-7700,01-08-2014,8, August ,2014
Midmarket,France, Carretera , Medium ,490,3,15,7350, $588.00 ,6762," $4,900.00 ",1862,01-11-2014,11, November ,2014
Government,Mexico, Carretera , Medium ,1362,3,350,476700," $38,136.00 ",438564," $3,54,120.00 ",84444,01-12-2014,12, December ,2014
Midmarket,France, Montana , Medium ,2501,5,15,37515," $3,001.20 ",34514," $25,010.00 ",9504,01-03-2014,3, March ,2014
Government,Canada, Montana , Medium ,708,5,20,14160," $1,132.80 ",13027," $7,080.00 ",5947,01-06-2014,6, June ,2014
Government,Germany, Montana , Medium ,645,5,20,12900," $1,032.00 ",11868," $6,450.00 ",5418,01-07-2014,7, July ,2014
Small Business,France, Montana , Medium ,1562,5,300,468600," $37,488.00 ",431112," $3,90,500.00 ",40612,01-08-2014,8, August ,2014
Small Business,Canada, Montana , Medium ,1283,5,300,384900," $30,792.00 ",354108," $3,20,750.00 ",33358,01-09-2013,9, September ,2013
Midmarket,Germany, Montana , Medium ,711,5,15,10665, $853.20 ,9812," $7,110.00 ",2702,01-12-2014,12, December ,2014
Enterprise,Mexico, Paseo , Medium ,1114,10,125,139250," $11,140.00 ",128110," $1,33,680.00 ",-5570,01-03-2014,3, March ,2014
Government,Germany, Paseo , Medium ,1259,10,7,8813, $705.04 ,8108," $6,295.00 ",1813,01-04-2014,4, April ,2014
Government,Germany, Paseo , Medium ,1095,10,7,7665, $613.20 ,7052," $5,475.00 ",1577,01-05-2014,5, May ,2014
Government,Germany, Paseo , Medium ,1366,10,20,27320," $2,185.60 ",25134," $13,660.00 ",11474,01-06-2014,6, June ,2014
Small Business,Mexico, Paseo , Medium ,2460,10,300,738000," $59,040.00 ",678960," $6,15,000.00 ",63960,01-06-2014,6, June ,2014
Government,United States of America, Paseo , Medium ,678,10,7,4746, $379.68 ,4366," $3,390.00 ",976,01-08-2014,8, August ,2014
Government,Germany, Paseo , Medium ,1598,10,7,11186, $894.88 ,10291," $7,990.00 ",2301,01-08-2014,8, August ,2014
Government,Germany, Paseo , Medium ,2409,10,7,16863," $1,349.04 ",15514," $12,045.00 ",3469,01-09-2013,9, September ,2013
Government,Germany, Paseo , Medium ,1934,10,20,38680," $3,094.40 ",35586," $19,340.00 ",16246,01-09-2014,9, September ,2014
Government,Mexico, Paseo , Medium ,2993,10,20,59860," $4,788.80 ",55071," $29,930.00 ",25141,01-09-2014,9, September ,2014
Government,Germany, Paseo , Medium ,2146,10,350,751100," $60,088.00 ",691012," $5,57,960.00 ",133052,01-11-2013,11, November ,2013
Government,Mexico, Paseo , Medium ,1946,10,7,13622," $1,089.76 ",12532," $9,730.00 ",2802,01-12-2013,12, December ,2013
Government,Mexico, Paseo , Medium ,1362,10,350,476700," $38,136.00 ",438564," $3,54,120.00 ",84444,01-12-2014,12, December ,2014
Channel Partners,Canada, Velo , Medium ,598,120,12,7176, $574.08 ,6602," $1,794.00 ",4808,01-03-2014,3, March ,2014
Government,United States of America, Velo , Medium ,2907,120,7,20349," $1,627.92 ",18721," $14,535.00 ",4186,01-06-2014,6, June ,2014
Government,Germany, Velo , Medium ,2338,120,7,16366," $1,309.28 ",15057," $11,690.00 ",3367,01-06-2014,6, June ,2014
Small Business,France, Velo , Medium ,386,120,300,115800," $9,264.00 ",106536," $96,500.00 ",10036,01-11-2013,11, November ,2013
Small Business,Mexico, Velo , Medium ,635,120,300,190500," $15,240.00 ",175260," $1,58,750.00 ",16510,01-12-2014,12, December ,2014
Government,France, VTT , Medium ,574,250,350,201075," $16,086.00 ",184989," $1,49,370.00 ",35619,01-04-2014,4, April ,2014
Government,Germany, VTT , Medium ,2338,250,7,16366," $1,309.28 ",15057," $11,690.00 ",3367,01-06-2014,6, June ,2014
Government,France, VTT , Medium ,381,250,350,133350," $10,668.00 ",122682," $99,060.00 ",23622,01-08-2014,8, August ,2014
Government,Germany, VTT , Medium ,422,250,350,147700," $11,816.00 ",135884," $1,09,720.00 ",26164,01-08-2014,8, August ,2014
Small Business,Canada, VTT , Medium ,2134,250,300,640200," $51,216.00 ",588984," $5,33,500.00 ",55484,01-09-2014,9, September ,2014
Small Business,United States of America, VTT , Medium ,808,250,300,242400," $19,392.00 ",223008," $2,02,000.00 ",21008,01-12-2013,12, December ,2013
Government,Canada, Amarilla , Medium ,708,260,20,14160," $1,132.80 ",13027," $7,080.00 ",5947,01-06-2014,6, June ,2014
Government,United States of America, Amarilla , Medium ,2907,260,7,20349," $1,627.92 ",18721," $14,535.00 ",4186,01-06-2014,6, June ,2014
Government,Germany, Amarilla , Medium ,1366,260,20,27320," $2,185.60 ",25134," $13,660.00 ",11474,01-06-2014,6, June ,2014
Small Business,Mexico, Amarilla , Medium ,2460,260,300,738000," $59,040.00 ",678960," $6,15,000.00 ",63960,01-06-2014,6, June ,2014
Government,Germany, Amarilla , Medium ,1520,260,20,30400," $2,432.00 ",27968," $15,200.00 ",12768,01-11-2014,11, November ,2014
Midmarket,Germany, Amarilla , Medium ,711,260,15,10665, $853.20 ,9812," $7,110.00 ",2702,01-12-2014,12, December ,2014
Channel Partners,Mexico, Amarilla , Medium ,1375,260,12,16500," $1,320.00 ",15180," $4,125.00 ",11055,01-12-2013,12, December ,2013
Small Business,Mexico, Amarilla , Medium ,635,260,300,190500," $15,240.00 ",175260," $1,58,750.00 ",16510,01-12-2014,12, December ,2014
Government,United States of America, VTT , Medium ,436,250,20,8730, $698.40 ,8032," $4,365.00 ",3667,01-07-2014,7, July ,2014
Small Business,Canada, Carretera , Medium ,1094,3,300,328200," $29,538.00 ",298662," $2,73,500.00 ",25162,01-06-2014,6, June ,2014
Channel Partners,Mexico, Carretera , Medium ,367,3,12,4404, $396.36 ,4008," $1,101.00 ",2907,01-10-2013,10, October ,2013
Small Business,Canada, Montana , Medium ,3802,5,300,1140750," $1,02,667.50 ",1038082," $9,50,625.00 ",87458,01-04-2014,4, April ,2014
Government,France, Montana , Medium ,1666,5,350,583100," $52,479.00 ",530621," $4,33,160.00 ",97461,01-05-2014,5, May ,2014
Small Business,France, Montana , Medium ,322,5,300,96600," $8,694.00 ",87906," $80,500.00 ",7406,01-09-2013,9, September ,2013
Channel Partners,Canada, Montana , Medium ,2321,5,12,27852," $2,506.68 ",25345," $6,963.00 ",18382,01-11-2014,11, November ,2014
Enterprise,France, Montana , Medium ,1857,5,125,232125," $20,891.25 ",211234," $2,22,840.00 ",-11606,01-11-2013,11, November ,2013
Government,Canada, Montana , Medium ,1611,5,7,11277," $1,014.93 ",10262," $8,055.00 ",2207,01-12-2013,12, December ,2013
Enterprise,United States of America, Montana , Medium ,2797,5,125,349625," $31,466.25 ",318159," $3,35,640.00 ",-17481,01-12-2014,12, December ,2014
Small Business,Germany, Montana , Medium ,334,5,300,100200," $9,018.00 ",91182," $83,500.00 ",7682,01-12-2013,12, December ,2013
Small Business,Mexico, Paseo , Medium ,2565,10,300,769500," $69,255.00 ",700245," $6,41,250.00 ",58995,01-01-2014,1, January ,2014
Government,Mexico, Paseo , Medium ,2417,10,350,845950," $76,135.50 ",769814," $6,28,420.00 ",141394,01-01-2014,1, January ,2014
Midmarket,United States of America, Paseo , Medium ,3675,10,15,55125," $4,961.25 ",50164," $36,750.00 ",13414,01-04-2014,4, April ,2014
Small Business,Canada, Paseo , Medium ,1094,10,300,328200," $29,538.00 ",298662," $2,73,500.00 ",25162,01-06-2014,6, June ,2014
Midmarket,France, Paseo , Medium ,1227,10,15,18405," $1,656.45 ",16749," $12,270.00 ",4479,01-10-2014,10, October ,2014
Channel Partners,Mexico, Paseo , Medium ,367,10,12,4404, $396.36 ,4008," $1,101.00 ",2907,01-10-2013,10, October ,2013
Small Business,France, Paseo , Medium ,1324,10,300,397200," $35,748.00 ",361452," $3,31,000.00 ",30452,01-11-2014,11, November ,2014
Channel Partners,Germany, Paseo , Medium ,1775,10,12,21300," $1,917.00 ",19383," $5,325.00 ",14058,01-11-2013,11, November ,2013
Enterprise,United States of America, Paseo , Medium ,2797,10,125,349625," $31,466.25 ",318159," $3,35,640.00 ",-17481,01-12-2014,12, December ,2014
Midmarket,Mexico, Velo , Medium ,245,120,15,3675, $330.75 ,3344," $2,450.00 ",894,01-05-2014,5, May ,2014
Small Business,Canada, Velo , Medium ,3794,120,300,1138050," $1,02,424.50 ",1035626," $9,48,375.00 ",87250,01-07-2014,7, July ,2014
Government,Germany, Velo , Medium ,1307,120,350,457450," $41,170.50 ",416280," $3,39,820.00 ",76460,01-07-2014,7, July ,2014
Enterprise,Canada, Velo , Medium ,567,120,125,70875," $6,378.75 ",64496," $68,040.00 ",-3544,01-09-2014,9, September ,2014
Enterprise,Mexico, Velo , Medium ,2110,120,125,263750," $23,737.50 ",240012," $2,53,200.00 ",-13188,01-09-2014,9, September ,2014
Government,Canada, Velo , Medium ,1269,120,350,444150," $39,973.50 ",404176," $3,29,940.00 ",74236,01-10-2014,10, October ,2014
Channel Partners,United States of America, VTT , Medium ,1956,250,12,23472," $2,112.48 ",21360," $5,868.00 ",15492,01-01-2014,1, January ,2014
Small Business,Germany, VTT , Medium ,2659,250,300,797700," $71,793.00 ",725907," $6,64,750.00 ",61157,01-02-2014,2, February ,2014
Government,United States of America, VTT , Medium ,1352,250,350,473025," $42,572.25 ",430453," $3,51,390.00 ",79063,01-04-2014,4, April ,2014
Channel Partners,Germany, VTT , Medium ,880,250,12,10560, $950.40 ,9610," $2,640.00 ",6970,01-05-2014,5, May ,2014
Small Business,United States of America, VTT , Medium ,1867,250,300,560100," $50,409.00 ",509691," $4,66,750.00 ",42941,01-09-2014,9, September ,2014
Channel Partners,France, VTT , Medium ,2234,250,12,26808," $2,412.72 ",24395," $6,702.00 ",17693,01-09-2013,9, September ,2013
Midmarket,France, VTT , Medium ,1227,250,15,18405," $1,656.45 ",16749," $12,270.00 ",4479,01-10-2014,10, October ,2014
Enterprise,Mexico, VTT , Medium ,877,250,125,109625," $9,866.25 ",99759," $1,05,240.00 ",-5481,01-11-2014,11, November ,2014
Government,United States of America, Amarilla , Medium ,2071,260,350,724850," $65,236.50 ",659614," $5,38,460.00 ",121154,01-09-2014,9, September ,2014
Government,Canada, Amarilla , Medium ,1269,260,350,444150," $39,973.50 ",404176," $3,29,940.00 ",74236,01-10-2014,10, October ,2014
Midmarket,Germany, Amarilla , Medium ,970,260,15,14550," $1,309.50 ",13240," $9,700.00 ",3540,01-11-2013,11, November ,2013
Government,Mexico, Amarilla , Medium ,1694,260,20,33880," $3,049.20 ",30831," $16,940.00 ",13891,01-11-2014,11, November ,2014
Government,Germany, Carretera , Medium ,663,3,20,13260," $1,193.40 ",12067," $6,630.00 ",5437,01-05-2014,5, May ,2014
Government,Canada, Carretera , Medium ,819,3,7,5733, $515.97 ,5217," $4,095.00 ",1122,01-07-2014,7, July ,2014
Channel Partners,Germany, Carretera , Medium ,1580,3,12,18960," $1,706.40 ",17254," $4,740.00 ",12514,01-09-2014,9, September ,2014
Government,Mexico, Carretera , Medium ,521,3,7,3647, $328.23 ,3319," $2,605.00 ",714,01-12-2014,12, December ,2014
Government,United States of America, Paseo , Medium ,973,10,20,19460," $1,751.40 ",17709," $9,730.00 ",7979,01-03-2014,3, March ,2014
Government,Mexico, Paseo , Medium ,1038,10,20,20760," $1,868.40 ",18892," $10,380.00 ",8512,01-06-2014,6, June ,2014
Government,Germany, Paseo , Medium ,360,10,7,2520, $226.80 ,2293," $1,800.00 ",493,01-10-2014,10, October ,2014
Channel Partners,France, Velo , Medium ,1967,120,12,23604," $2,124.36 ",21480," $5,901.00 ",15579,01-03-2014,3, March ,2014
Midmarket,Mexico, Velo , Medium ,2628,120,15,39420," $3,547.80 ",35872," $26,280.00 ",9592,01-04-2014,4, April ,2014
Government,Germany, VTT , Medium ,360,250,7,2520, $226.80 ,2293," $1,800.00 ",493,01-10-2014,10, October ,2014
Government,France, VTT , Medium ,2682,250,20,53640," $4,827.60 ",48812," $26,820.00 ",21992,01-11-2013,11, November ,2013
Government,Mexico, VTT , Medium ,521,250,7,3647, $328.23 ,3319," $2,605.00 ",714,01-12-2014,12, December ,2014
Government,Mexico, Amarilla , Medium ,1038,260,20,20760," $1,868.40 ",18892," $10,380.00 ",8512,01-06-2014,6, June ,2014
Midmarket,Canada, Amarilla , Medium ,1630,260,15,24458," $2,201.18 ",22256," $16,305.00 ",5951,01-07-2014,7, July ,2014
Channel Partners,France, Amarilla , Medium ,306,260,12,3672, $330.48 ,3342, $918.00 ,2424,01-12-2013,12, December ,2013
Channel Partners,United States of America, Carretera , High ,386,3,12,4632, $463.20 ,4169," $1,158.00 ",3011,01-10-2013,10, October ,2013
Government,United States of America, Montana , High ,2328,5,7,16296," $1,629.60 ",14666," $11,640.00 ",3026,01-09-2014,9, September ,2014
Channel Partners,United States of America, Paseo , High ,386,10,12,4632, $463.20 ,4169," $1,158.00 ",3011,01-10-2013,10, October ,2013
Enterprise,United States of America, Carretera , High ,3446,3,125,430688," $43,068.75 ",387619," $4,13,460.00 ",-25841,01-04-2014,4, April ,2014
Enterprise,France, Carretera , High ,1482,3,125,185250," $18,525.00 ",166725," $1,77,840.00 ",-11115,01-12-2013,12, December ,2013
Government,United States of America, Montana , High ,2313,5,350,809550," $80,955.00 ",728595," $6,01,380.00 ",127215,01-05-2014,5, May ,2014
Enterprise,United States of America, Montana , High ,1804,5,125,225500," $22,550.00 ",202950," $2,16,480.00 ",-13530,01-11-2013,11, November ,2013
Midmarket,France, Montana , High ,2072,5,15,31080," $3,108.00 ",27972," $20,720.00 ",7252,01-12-2014,12, December ,2014
Government,France, Paseo , High ,1954,10,20,39080," $3,908.00 ",35172," $19,540.00 ",15632,01-03-2014,3, March ,2014
Small Business,Mexico, Paseo , High ,591,10,300,177300," $17,730.00 ",159570," $1,47,750.00 ",11820,01-05-2014,5, May ,2014
Midmarket,France, Paseo , High ,2167,10,15,32505," $3,250.50 ",29254," $21,670.00 ",7584,01-10-2013,10, October ,2013
Government,Germany, Paseo , High ,241,10,20,4820, $482.00 ,4338," $2,410.00 ",1928,01-10-2014,10, October ,2014
Midmarket,Germany, Velo , High ,681,120,15,10215," $1,021.50 ",9194," $6,810.00 ",2384,01-01-2014,1, January ,2014
Midmarket,Germany, Velo , High ,510,120,15,7650, $765.00 ,6885," $5,100.00 ",1785,01-04-2014,4, April ,2014
Midmarket,United States of America, Velo , High ,790,120,15,11850," $1,185.00 ",10665," $7,900.00 ",2765,01-05-2014,5, May ,2014
Government,France, Velo , High ,639,120,350,223650," $22,365.00 ",201285," $1,66,140.00 ",35145,01-07-2014,7, July ,2014
Enterprise,United States of America, Velo , High ,1596,120,125,199500," $19,950.00 ",179550," $1,91,520.00 ",-11970,01-09-2014,9, September ,2014
Small Business,United States of America, Velo , High ,2294,120,300,688200," $68,820.00 ",619380," $5,73,500.00 ",45880,01-10-2013,10, October ,2013
Government,Germany, Velo , High ,241,120,20,4820, $482.00 ,4338," $2,410.00 ",1928,01-10-2014,10, October ,2014
Government,Germany, Velo , High ,2665,120,7,18655," $1,865.50 ",16790," $13,325.00 ",3464,01-11-2014,11, November ,2014
Enterprise,Canada, Velo , High ,1916,120,125,239500," $23,950.00 ",215550," $2,29,920.00 ",-14370,01-12-2013,12, December ,2013
Small Business,France, Velo , High ,853,120,300,255900," $25,590.00 ",230310," $2,13,250.00 ",17060,01-12-2014,12, December ,2014
Enterprise,Mexico, VTT , High ,341,250,125,42625," $4,262.50 ",38362," $40,920.00 ",-2558,01-05-2014,5, May ,2014
Midmarket,Mexico, VTT , High ,641,250,15,9615, $961.50 ,8654," $6,410.00 ",2244,01-07-2014,7, July ,2014
Government,United States of America, VTT , High ,2807,250,350,982450," $98,245.00 ",884205," $7,29,820.00 ",154385,01-08-2014,8, August ,2014
Small Business,Mexico, VTT , High ,432,250,300,129600," $12,960.00 ",116640," $1,08,000.00 ",8640,01-09-2014,9, September ,2014
Small Business,United States of America, VTT , High ,2294,250,300,688200," $68,820.00 ",619380," $5,73,500.00 ",45880,01-10-2013,10, October ,2013
Midmarket,France, VTT , High ,2167,250,15,32505," $3,250.50 ",29254," $21,670.00 ",7584,01-10-2013,10, October ,2013
Enterprise,Canada, VTT , High ,2529,250,125,316125," $31,612.50 ",284512," $3,03,480.00 ",-18968,01-11-2014,11, November ,2014
Government,Germany, VTT , High ,1870,250,350,654500," $65,450.00 ",589050," $4,86,200.00 ",102850,01-12-2013,12, December ,2013
Enterprise,United States of America, Amarilla , High ,579,260,125,72375," $7,237.50 ",65138," $69,480.00 ",-4342,01-01-2014,1, January ,2014
Government,Canada, Amarilla , High ,2240,260,350,784000," $78,400.00 ",705600," $5,82,400.00 ",123200,01-02-2014,2, February ,2014
Small Business,United States of America, Amarilla , High ,2993,260,300,897900," $89,790.00 ",808110," $7,48,250.00 ",59860,01-03-2014,3, March ,2014
Channel Partners,Canada, Amarilla , High ,3520,260,12,42246," $4,224.60 ",38021," $10,561.50 ",27460,01-04-2014,4, April ,2014
Government,Mexico, Amarilla , High ,2039,260,20,40780," $4,078.00 ",36702," $20,390.00 ",16312,01-05-2014,5, May ,2014
Channel Partners,Germany, Amarilla , High ,2574,260,12,30888," $3,088.80 ",27799," $7,722.00 ",20077,01-08-2014,8, August ,2014
Government,Canada, Amarilla , High ,707,260,350,247450," $24,745.00 ",222705," $1,83,820.00 ",38885,01-09-2014,9, September ,2014
Midmarket,France, Amarilla , High ,2072,260,15,31080," $3,108.00 ",27972," $20,720.00 ",7252,01-12-2014,12, December ,2014
Small Business,France, Amarilla , High ,853,260,300,255900," $25,590.00 ",230310," $2,13,250.00 ",17060,01-12-2014,12, December ,2014
Channel Partners,France, Carretera , High ,1198,3,12,14376," $1,581.36 ",12795," $3,594.00 ",9201,01-10-2013,10, October ,2013
Government,France, Paseo , High ,2532,10,7,17724," $1,949.64 ",15774," $12,660.00 ",3114,01-04-2014,4, April ,2014
Channel Partners,France, Paseo , High ,1198,10,12,14376," $1,581.36 ",12795," $3,594.00 ",9201,01-10-2013,10, October ,2013
Midmarket,Canada, Velo , High ,384,120,15,5760, $633.60 ,5126," $3,840.00 ",1286,01-01-2014,1, January ,2014
Channel Partners,Germany, Velo , High ,472,120,12,5664, $623.04 ,5041," $1,416.00 ",3625,01-10-2014,10, October ,2014
Government,United States of America, VTT , High ,1579,250,7,11053," $1,215.83 ",9837," $7,895.00 ",1942,01-03-2014,3, March ,2014
Channel Partners,Mexico, VTT , High ,1005,250,12,12060," $1,326.60 ",10733," $3,015.00 ",7718,01-09-2013,9, September ,2013
Midmarket,United States of America, Amarilla , High ,3200,260,15,47992," $5,279.18 ",42713," $31,995.00 ",10718,01-07-2014,7, July ,2014
Channel Partners,Germany, Amarilla , High ,472,260,12,5664, $623.04 ,5041," $1,416.00 ",3625,01-10-2014,10, October ,2014
Channel Partners,Canada, Carretera , High ,1937,3,12,23244," $2,556.84 ",20687," $5,811.00 ",14876,01-02-2014,2, February ,2014
Government,Germany, Carretera , High ,792,3,350,277200," $30,492.00 ",246708," $2,05,920.00 ",40788,01-03-2014,3, March ,2014
Small Business,Germany, Carretera , High ,2811,3,300,843300," $92,763.00 ",750537," $7,02,750.00 ",47787,01-07-2014,7, July ,2014
Enterprise,France, Carretera , High ,2441,3,125,305125," $33,563.75 ",271561," $2,92,920.00 ",-21359,01-10-2014,10, October ,2014
Midmarket,Canada, Carretera , High ,1560,3,15,23400," $2,574.00 ",20826," $15,600.00 ",5226,01-11-2013,11, November ,2013
Government,Mexico, Carretera , High ,2706,3,7,18942," $2,083.62 ",16858," $13,530.00 ",3328,01-11-2013,11, November ,2013
Government,Germany, Montana , High ,766,5,350,268100," $29,491.00 ",238609," $1,99,160.00 ",39449,01-01-2014,1, January ,2014
Government,Germany, Montana , High ,2992,5,20,59840," $6,582.40 ",53258," $29,920.00 ",23338,01-10-2013,10, October ,2013
Midmarket,Mexico, Montana , High ,2157,5,15,32355," $3,559.05 ",28796," $21,570.00 ",7226,01-12-2014,12, December ,2014
Small Business,Canada, Paseo , High ,873,10,300,261900," $28,809.00 ",233091," $2,18,250.00 ",14841,01-01-2014,1, January ,2014
Government,Mexico, Paseo , High ,1122,10,20,22440," $2,468.40 ",19972," $11,220.00 ",8752,01-03-2014,3, March ,2014
Government,Canada, Paseo , High ,2104,10,350,736575," $81,023.25 ",655552," $5,47,170.00 ",108382,01-07-2014,7, July ,2014
Channel Partners,Canada, Paseo , High ,4026,10,12,48312," $5,314.32 ",42998," $12,078.00 ",30920,01-07-2014,7, July ,2014
Channel Partners,France, Paseo , High ,2426,10,12,29106," $3,201.66 ",25904," $7,276.50 ",18628,01-07-2014,7, July ,2014
Government,Canada, Paseo , High ,2394,10,20,47880," $5,266.80 ",42613," $23,940.00 ",18673,01-08-2014,8, August ,2014
Midmarket,Mexico, Paseo , High ,1984,10,15,29760," $3,273.60 ",26486," $19,840.00 ",6646,01-08-2014,8, August ,2014
Enterprise,France, Paseo , High ,2441,10,125,305125," $33,563.75 ",271561," $2,92,920.00 ",-21359,01-10-2014,10, October ,2014
Government,Germany, Paseo , High ,2992,10,20,59840," $6,582.40 ",53258," $29,920.00 ",23338,01-10-2013,10, October ,2013
Small Business,Canada, Paseo , High ,1366,10,300,409800," $45,078.00 ",364722," $3,41,500.00 ",23222,01-11-2014,11, November ,2014
Government,France, Velo , High ,2805,120,20,56100," $6,171.00 ",49929," $28,050.00 ",21879,01-09-2013,9, September ,2013
Midmarket,Mexico, Velo , High ,655,120,15,9825," $1,080.75 ",8744," $6,550.00 ",2194,01-09-2013,9, September ,2013
Government,Mexico, Velo , High ,344,120,350,120400," $13,244.00 ",107156," $89,440.00 ",17716,01-10-2013,10, October ,2013
Government,Canada, Velo , High ,1808,120,7,12656," $1,392.16 ",11264," $9,040.00 ",2224,01-11-2014,11, November ,2014
Channel Partners,France, VTT , High ,1734,250,12,20808," $2,288.88 ",18519," $5,202.00 ",13317,01-01-2014,1, January ,2014
Enterprise,Mexico, VTT , High ,554,250,125,69250," $7,617.50 ",61632," $66,480.00 ",-4848,01-01-2014,1, January ,2014
Government,Canada, VTT , High ,2935,250,20,58700," $6,457.00 ",52243," $29,350.00 ",22893,01-11-2013,11, November ,2013
Enterprise,Germany, Amarilla , High ,3165,260,125,395625," $43,518.75 ",352106," $3,79,800.00 ",-27694,01-01-2014,1, January ,2014
Government,Mexico, Amarilla , High ,2629,260,20,52580," $5,783.80 ",46796," $26,290.00 ",20506,01-01-2014,1, January ,2014
Enterprise,France, Amarilla , High ,1433,260,125,179125," $19,703.75 ",159421," $1,71,960.00 ",-12539,01-05-2014,5, May ,2014
Enterprise,Mexico, Amarilla , High ,947,260,125,118375," $13,021.25 ",105354," $1,13,640.00 ",-8286,01-09-2013,9, September ,2013
Government,Mexico, Amarilla , High ,344,260,350,120400," $13,244.00 ",107156," $89,440.00 ",17716,01-10-2013,10, October ,2013
Midmarket,Mexico, Amarilla , High ,2157,260,15,32355," $3,559.05 ",28796," $21,570.00 ",7226,01-12-2014,12, December ,2014
Government,United States of America, Paseo , High ,380,10,7,2660, $292.60 ,2367," $1,900.00 ",467,01-09-2013,9, September ,2013
Government,Mexico, Carretera , High ,886,3,350,310100," $37,212.00 ",272888," $2,30,360.00 ",42528,01-06-2014,6, June ,2014
Enterprise,Canada, Carretera , High ,2416,3,125,302000," $36,240.00 ",265760," $2,89,920.00 ",-24160,01-09-2013,9, September ,2013
Enterprise,Mexico, Carretera , High ,2156,3,125,269500," $32,340.00 ",237160," $2,58,720.00 ",-21560,01-10-2014,10, October ,2014
Midmarket,Canada, Carretera , High ,2689,3,15,40335," $4,840.20 ",35495," $26,890.00 ",8605,01-11-2014,11, November ,2014
Midmarket,United States of America, Montana , High ,677,5,15,10155," $1,218.60 ",8936," $6,770.00 ",2166,01-03-2014,3, March ,2014
Small Business,France, Montana , High ,1773,5,300,531900," $63,828.00 ",468072," $4,43,250.00 ",24822,01-04-2014,4, April ,2014
Government,Mexico, Montana , High ,2420,5,7,16940," $2,032.80 ",14907," $12,100.00 ",2807,01-09-2014,9, September ,2014
Government,Canada, Montana , High ,2734,5,7,19138," $2,296.56 ",16841," $13,670.00 ",3171,01-10-2014,10, October ,2014
Government,Mexico, Montana , High ,1715,5,20,34300," $4,116.00 ",30184," $17,150.00 ",13034,01-10-2013,10, October ,2013
Small Business,France, Montana , High ,1186,5,300,355800," $42,696.00 ",313104," $2,96,500.00 ",16604,01-12-2013,12, December ,2013
Small Business,United States of America, Paseo , High ,3495,10,300,1048500," $1,25,820.00 ",922680," $8,73,750.00 ",48930,01-01-2014,1, January ,2014
Government,Mexico, Paseo , High ,886,10,350,310100," $37,212.00 ",272888," $2,30,360.00 ",42528,01-06-2014,6, June ,2014
Enterprise,Mexico, Paseo , High ,2156,10,125,269500," $32,340.00 ",237160," $2,58,720.00 ",-21560,01-10-2014,10, October ,2014
Government,Mexico, Paseo , High ,905,10,20,18100," $2,172.00 ",15928," $9,050.00 ",6878,01-10-2014,10, October ,2014
Government,Mexico, Paseo , High ,1715,10,20,34300," $4,116.00 ",30184," $17,150.00 ",13034,01-10-2013,10, October ,2013
Government,France, Paseo , High ,1594,10,350,557900," $66,948.00 ",490952," $4,14,440.00 ",76512,01-11-2014,11, November ,2014
Small Business,Germany, Paseo , High ,1359,10,300,407700," $48,924.00 ",358776," $3,39,750.00 ",19026,01-11-2014,11, November ,2014
Small Business,Mexico, Paseo , High ,2150,10,300,645000," $77,400.00 ",567600," $5,37,500.00 ",30100,01-11-2014,11, November ,2014
Government,Mexico, Paseo , High ,1197,10,350,418950," $50,274.00 ",368676," $3,11,220.00 ",57456,01-11-2014,11, November ,2014
Midmarket,Mexico, Paseo , High ,380,10,15,5700, $684.00 ,5016," $3,800.00 ",1216,01-12-2013,12, December ,2013
Government,Mexico, Paseo , High ,1233,10,20,24660," $2,959.20 ",21701," $12,330.00 ",9371,01-12-2014,12, December ,2014
Government,Mexico, Velo , High ,1395,120,350,488250," $58,590.00 ",429660," $3,62,700.00 ",66960,01-07-2014,7, July ,2014
Government,United States of America, Velo , High ,986,120,350,345100," $41,412.00 ",303688," $2,56,360.00 ",47328,01-10-2014,10, October ,2014
Government,Mexico, Velo , High ,905,120,20,18100," $2,172.00 ",15928," $9,050.00 ",6878,01-10-2014,10, October ,2014
Channel Partners,Canada, VTT , High ,2109,250,12,25308," $3,036.96 ",22271," $6,327.00 ",15944,01-05-2014,5, May ,2014
Midmarket,France, VTT , High ,3874,250,15,58118," $6,974.10 ",51143," $38,745.00 ",12398,01-07-2014,7, July ,2014
Government,Canada, VTT , High ,623,250,350,218050," $26,166.00 ",191884," $1,61,980.00 ",29904,01-09-2013,9, September ,2013
Government,United States of America, VTT , High ,986,250,350,345100," $41,412.00 ",303688," $2,56,360.00 ",47328,01-10-2014,10, October ,2014
Enterprise,United States of America, VTT , High ,2387,250,125,298375," $35,805.00 ",262570," $2,86,440.00 ",-23870,01-11-2014,11, November ,2014
Government,Mexico, VTT , High ,1233,250,20,24660," $2,959.20 ",21701," $12,330.00 ",9371,01-12-2014,12, December ,2014
Government,United States of America, Amarilla , High ,270,260,350,94500," $11,340.00 ",83160," $70,200.00 ",12960,01-02-2014,2, February ,2014
Government,France, Amarilla , High ,3422,260,7,23950," $2,874.06 ",21076," $17,107.50 ",3969,01-07-2014,7, July ,2014
Government,Canada, Amarilla , High ,2734,260,7,19138," $2,296.56 ",16841," $13,670.00 ",3171,01-10-2014,10, October ,2014
Midmarket,United States of America, Amarilla , High ,2548,260,15,38220," $4,586.40 ",33634," $25,480.00 ",8154,01-11-2013,11, November ,2013
Government,France, Carretera , High ,2522,3,20,50430," $6,051.60 ",44378," $25,215.00 ",19163,01-01-2014,1, January ,2014
Channel Partners,Mexico, Montana , High ,2661,5,12,31932," $3,831.84 ",28100," $7,983.00 ",20117,01-05-2014,5, May ,2014
Government,Germany, Paseo , High ,1531,10,20,30620," $3,674.40 ",26946," $15,310.00 ",11636,01-12-2014,12, December ,2014
Government,France, VTT , High ,1491,250,7,10437," $1,252.44 ",9185," $7,455.00 ",1730,01-03-2014,3, March ,2014
Government,Germany, VTT , High ,1531,250,20,30620," $3,674.40 ",26946," $15,310.00 ",11636,01-12-2014,12, December ,2014
Channel Partners,Canada, Amarilla , High ,2761,260,12,33132," $3,975.84 ",29156," $8,283.00 ",20873,01-09-2013,9, September ,2013
Midmarket,United States of America, Carretera , High ,2567,3,15,38505," $5,005.65 ",33499," $25,670.00 ",7829,01-06-2014,6, June ,2014
Midmarket,United States of America, VTT , High ,2567,250,15,38505," $5,005.65 ",33499," $25,670.00 ",7829,01-06-2014,6, June ,2014
Government,Canada, Carretera , High ,923,3,350,323050," $41,996.50 ",281054," $2,39,980.00 ",41074,01-03-2014,3, March ,2014
Government,France, Carretera , High ,1790,3,350,626500," $81,445.00 ",545055," $4,65,400.00 ",79655,01-03-2014,3, March ,2014
Government,Germany, Carretera , High ,442,3,20,8840," $1,149.20 ",7691," $4,420.00 ",3271,01-09-2013,9, September ,2013
Government,United States of America, Montana , High ,982,5,350,343875," $44,703.75 ",299171," $2,55,450.00 ",43721,01-01-2014,1, January ,2014
Government,United States of America, Montana , High ,1298,5,7,9086," $1,181.18 ",7905," $6,490.00 ",1415,01-02-2014,2, February ,2014
Channel Partners,Mexico, Montana , High ,604,5,12,7248, $942.24 ,6306," $1,812.00 ",4494,01-06-2014,6, June ,2014
Government,Mexico, Montana , High ,2255,5,20,45100," $5,863.00 ",39237," $22,550.00 ",16687,01-07-2014,7, July ,2014
Government,Canada, Montana , High ,1249,5,20,24980," $3,247.40 ",21733," $12,490.00 ",9243,01-10-2014,10, October ,2014
Government,United States of America, Paseo , High ,1438,10,7,10070," $1,309.04 ",8760," $7,192.50 ",1568,01-01-2014,1, January ,2014
Small Business,Germany, Paseo , High ,807,10,300,242100," $31,473.00 ",210627," $2,01,750.00 ",8877,01-01-2014,1, January ,2014
Government,United States of America, Paseo , High ,2641,10,20,52820," $6,866.60 ",45953," $26,410.00 ",19543,01-02-2014,2, February ,2014
Government,Germany, Paseo , High ,2708,10,20,54160," $7,040.80 ",47119," $27,080.00 ",20039,01-02-2014,2, February ,2014
Government,Canada, Paseo , High ,2632,10,350,921200," $1,19,756.00 ",801444," $6,84,320.00 ",117124,01-06-2014,6, June ,2014
Enterprise,Canada, Paseo , High ,1583,10,125,197875," $25,723.75 ",172151," $1,89,960.00 ",-17809,01-06-2014,6, June ,2014
Channel Partners,Mexico, Paseo , High ,571,10,12,6852, $890.76 ,5961," $1,713.00 ",4248,01-07-2014,7, July ,2014
Government,France, Paseo , High ,2696,10,7,18872," $2,453.36 ",16419," $13,480.00 ",2939,01-08-2014,8, August ,2014
Midmarket,Canada, Paseo , High ,1565,10,15,23475," $3,051.75 ",20423," $15,650.00 ",4773,01-10-2014,10, October ,2014
Government,Canada, Paseo , High ,1249,10,20,24980," $3,247.40 ",21733," $12,490.00 ",9243,01-10-2014,10, October ,2014
Government,Germany, Paseo , High ,357,10,350,124950," $16,243.50 ",108706," $92,820.00 ",15886,01-11-2014,11, November ,2014
Channel Partners,Germany, Paseo , High ,1013,10,12,12156," $1,580.28 ",10576," $3,039.00 ",7537,01-12-2014,12, December ,2014
Midmarket,France, Velo , High ,3998,120,15,59962," $7,795.13 ",52167," $39,975.00 ",12192,01-01-2014,1, January ,2014
Government,Canada, Velo , High ,2632,120,350,921200," $1,19,756.00 ",801444," $6,84,320.00 ",117124,01-06-2014,6, June ,2014
Government,France, Velo , High ,1190,120,7,8330," $1,082.90 ",7247," $5,950.00 ",1297,01-06-2014,6, June ,2014
Channel Partners,Mexico, Velo , High ,604,120,12,7248, $942.24 ,6306," $1,812.00 ",4494,01-06-2014,6, June ,2014
Midmarket,Germany, Velo , High ,660,120,15,9900," $1,287.00 ",8613," $6,600.00 ",2013,01-09-2013,9, September ,2013
Channel Partners,Mexico, Velo , High ,410,120,12,4920, $639.60 ,4280," $1,230.00 ",3050,01-10-2014,10, October ,2014
Small Business,Mexico, Velo , High ,2605,120,300,781500," $1,01,595.00 ",679905," $6,51,250.00 ",28655,01-11-2013,11, November ,2013
Channel Partners,Germany, Velo , High ,1013,120,12,12156," $1,580.28 ",10576," $3,039.00 ",7537,01-12-2014,12, December ,2014
Enterprise,Canada, VTT , High ,1583,250,125,197875," $25,723.75 ",172151," $1,89,960.00 ",-17809,01-06-2014,6, June ,2014
Midmarket,Canada, VTT , High ,1565,250,15,23475," $3,051.75 ",20423," $15,650.00 ",4773,01-10-2014,10, October ,2014
Enterprise,Canada, Amarilla , High ,1659,260,125,207375," $26,958.75 ",180416," $1,99,080.00 ",-18664,01-01-2014,1, January ,2014
Government,France, Amarilla , High ,1190,260,7,8330," $1,082.90 ",7247," $5,950.00 ",1297,01-06-2014,6, June ,2014
Channel Partners,Mexico, Amarilla , High ,410,260,12,4920, $639.60 ,4280," $1,230.00 ",3050,01-10-2014,10, October ,2014
Channel Partners,Germany, Amarilla , High ,1770,260,12,21240," $2,761.20 ",18479," $5,310.00 ",13169,01-12-2013,12, December ,2013
Government,Mexico, Carretera , High ,2579,3,20,51580," $7,221.20 ",44359," $25,790.00 ",18569,01-04-2014,4, April ,2014
Government,United States of America, Carretera , High ,1743,3,20,34860," $4,880.40 ",29980," $17,430.00 ",12550,01-05-2014,5, May ,2014
Government,United States of America, Carretera , High ,2996,3,7,20972," $2,936.08 ",18036," $14,980.00 ",3056,01-10-2013,10, October ,2013
Government,Germany, Carretera , High ,280,3,7,1960, $274.40 ,1686," $1,400.00 ",286,01-12-2014,12, December ,2014
Government,France, Montana , High ,293,5,7,2051, $287.14 ,1764," $1,465.00 ",299,01-02-2014,2, February ,2014
Government,United States of America, Montana , High ,2996,5,7,20972," $2,936.08 ",18036," $14,980.00 ",3056,01-10-2013,10, October ,2013
Midmarket,Germany, Paseo , High ,278,10,15,4170, $583.80 ,3586," $2,780.00 ",806,01-02-2014,2, February ,2014
Government,Canada, Paseo , High ,2428,10,20,48560," $6,798.40 ",41762," $24,280.00 ",17482,01-03-2014,3, March ,2014
Midmarket,United States of America, Paseo , High ,1767,10,15,26505," $3,710.70 ",22794," $17,670.00 ",5124,01-09-2014,9, September ,2014
Channel Partners,France, Paseo , High ,1393,10,12,16716," $2,340.24 ",14376," $4,179.00 ",10197,01-10-2014,10, October ,2014
Government,Germany, VTT , High ,280,250,7,1960, $274.40 ,1686," $1,400.00 ",286,01-12-2014,12, December ,2014
Channel Partners,France, Amarilla , High ,1393,260,12,16716," $2,340.24 ",14376," $4,179.00 ",10197,01-10-2014,10, October ,2014
Channel Partners,United States of America, Amarilla , High ,2015,260,12,24180," $3,385.20 ",20795," $6,045.00 ",14750,01-12-2013,12, December ,2013
Small Business,Mexico, Carretera , High ,801,3,300,240300," $33,642.00 ",206658," $2,00,250.00 ",6408,01-07-2014,7, July ,2014
Enterprise,France, Carretera , High ,1023,3,125,127875," $17,902.50 ",109972," $1,22,760.00 ",-12788,01-09-2013,9, September ,2013
Small Business,Canada, Carretera , High ,1496,3,300,448800," $62,832.00 ",385968," $3,74,000.00 ",11968,01-10-2014,10, October ,2014
Small Business,United States of America, Carretera , High ,1010,3,300,303000," $42,420.00 ",260580," $2,52,500.00 ",8080,01-10-2014,10, October ,2014
Midmarket,Germany, Carretera , High ,1513,3,15,22695," $3,177.30 ",19518," $15,130.00 ",4388,01-11-2014,11, November ,2014
Midmarket,Canada, Carretera , High ,2300,3,15,34500," $4,830.00 ",29670," $23,000.00 ",6670,01-12-2014,12, December ,2014
Enterprise,Mexico, Carretera , High ,2821,3,125,352625," $49,367.50 ",303258," $3,38,520.00 ",-35262,01-12-2013,12, December ,2013
Government,Canada, Montana , High ,2228,5,350,779625," $1,09,147.50 ",670478," $5,79,150.00 ",91328,01-01-2014,1, January ,2014
Government,Germany, Montana , High ,1199,5,350,419650," $58,751.00 ",360899," $3,11,740.00 ",49159,01-04-2014,4, April ,2014
Government,Canada, Montana , High ,200,5,350,70000," $9,800.00 ",60200," $52,000.00 ",8200,01-05-2014,5, May ,2014
Government,Canada, Montana , High ,388,5,7,2716, $380.24 ,2336," $1,940.00 ",396,01-09-2014,9, September ,2014
Government,Mexico, Montana , High ,1727,5,7,12089," $1,692.46 ",10397," $8,635.00 ",1762,01-10-2013,10, October ,2013
Midmarket,Canada, Montana , High ,2300,5,15,34500," $4,830.00 ",29670," $23,000.00 ",6670,01-12-2014,12, December ,2014
Government,Mexico, Paseo , High ,260,10,20,5200, $728.00 ,4472," $2,600.00 ",1872,01-02-2014,2, February ,2014
Midmarket,Canada, Paseo , High ,2470,10,15,37050," $5,187.00 ",31863," $24,700.00 ",7163,01-09-2013,9, September ,2013
Midmarket,Canada, Paseo , High ,1743,10,15,26145," $3,660.30 ",22485," $17,430.00 ",5055,01-10-2013,10, October ,2013
Channel Partners,United States of America, Paseo , High ,2914,10,12,34968," $4,895.52 ",30072," $8,742.00 ",21330,01-10-2014,10, October ,2014
Government,France, Paseo , High ,1731,10,7,12117," $1,696.38 ",10421," $8,655.00 ",1766,01-10-2014,10, October ,2014
Government,Canada, Paseo , High ,700,10,350,245000," $34,300.00 ",210700," $1,82,000.00 ",28700,01-11-2014,11, November ,2014
Channel Partners,Canada, Paseo , High ,2222,10,12,26664," $3,732.96 ",22931," $6,666.00 ",16265,01-11-2013,11, November ,2013
Government,United States of America, Paseo , High ,1177,10,350,411950," $57,673.00 ",354277," $3,06,020.00 ",48257,01-11-2014,11, November ,2014
Government,France, Paseo , High ,1922,10,350,672700," $94,178.00 ",578522," $4,99,720.00 ",78802,01-11-2013,11, November ,2013
Enterprise,Mexico, Velo , High ,1575,120,125,196875," $27,562.50 ",169312," $1,89,000.00 ",-19688,01-02-2014,2, February ,2014
Government,United States of America, Velo , High ,606,120,20,12120," $1,696.80 ",10423," $6,060.00 ",4363,01-04-2014,4, April ,2014
Small Business,United States of America, Velo , High ,2460,120,300,738000," $1,03,320.00 ",634680," $6,15,000.00 ",19680,01-07-2014,7, July ,2014
Small Business,Canada, Velo , High ,269,120,300,80700," $11,298.00 ",69402," $67,250.00 ",2152,01-10-2013,10, October ,2013
Small Business,Germany, Velo , High ,2536,120,300,760800," $1,06,512.00 ",654288," $6,34,000.00 ",20288,01-11-2013,11, November ,2013
Government,Mexico, VTT , High ,2903,250,7,20321," $2,844.94 ",17476," $14,515.00 ",2961,01-03-2014,3, March ,2014
Small Business,United States of America, VTT , High ,2541,250,300,762300," $1,06,722.00 ",655578," $6,35,250.00 ",20328,01-08-2014,8, August ,2014
Small Business,Canada, VTT , High ,269,250,300,80700," $11,298.00 ",69402," $67,250.00 ",2152,01-10-2013,10, October ,2013
Small Business,Canada, VTT , High ,1496,250,300,448800," $62,832.00 ",385968," $3,74,000.00 ",11968,01-10-2014,10, October ,2014
Small Business,United States of America, VTT , High ,1010,250,300,303000," $42,420.00 ",260580," $2,52,500.00 ",8080,01-10-2014,10, October ,2014
Government,France, VTT , High ,1281,250,350,448350," $62,769.00 ",385581," $3,33,060.00 ",52521,01-12-2013,12, December ,2013
Small Business,Canada, Amarilla , High ,888,260,300,266400," $37,296.00 ",229104," $2,22,000.00 ",7104,01-03-2014,3, March ,2014
Enterprise,United States of America, Amarilla , High ,2844,260,125,355500," $49,770.00 ",305730," $3,41,280.00 ",-35550,01-05-2014,5, May ,2014
Channel Partners,France, Amarilla , High ,2475,260,12,29700," $4,158.00 ",25542," $7,425.00 ",18117,01-08-2014,8, August ,2014
Midmarket,Canada, Amarilla , High ,1743,260,15,26145," $3,660.30 ",22485," $17,430.00 ",5055,01-10-2013,10, October ,2013
Channel Partners,United States of America, Amarilla , High ,2914,260,12,34968," $4,895.52 ",30072," $8,742.00 ",21330,01-10-2014,10, October ,2014
Government,France, Amarilla , High ,1731,260,7,12117," $1,696.38 ",10421," $8,655.00 ",1766,01-10-2014,10, October ,2014
Government,Mexico, Amarilla , High ,1727,260,7,12089," $1,692.46 ",10397," $8,635.00 ",1762,01-10-2013,10, October ,2013
Midmarket,Mexico, Amarilla , High ,1870,260,15,28050," $3,927.00 ",24123," $18,700.00 ",5423,01-11-2013,11, November ,2013
Enterprise,France, Carretera , High ,1174,3,125,146750," $22,012.50 ",124738," $1,40,880.00 ",-16142,01-08-2014,8, August ,2014
Enterprise,Germany, Carretera , High ,2767,3,125,345875," $51,881.25 ",293994," $3,32,040.00 ",-38046,01-08-2014,8, August ,2014
Enterprise,Germany, Carretera , High ,1085,3,125,135625," $20,343.75 ",115281," $1,30,200.00 ",-14919,01-10-2014,10, October ,2014
Small Business,Mexico, Montana , High ,546,5,300,163800," $24,570.00 ",139230," $1,36,500.00 ",2730,01-10-2014,10, October ,2014
Government,Germany, Paseo , High ,1158,10,20,23160," $3,474.00 ",19686," $11,580.00 ",8106,01-03-2014,3, March ,2014
Midmarket,Canada, Paseo , High ,1614,10,15,24210," $3,631.50 ",20578," $16,140.00 ",4438,01-04-2014,4, April ,2014
Government,Mexico, Paseo , High ,2535,10,7,17745," $2,661.75 ",15083," $12,675.00 ",2408,01-04-2014,4, April ,2014
Government,Mexico, Paseo , High ,2851,10,350,997850," $1,49,677.50 ",848172," $7,41,260.00 ",106912,01-05-2014,5, May ,2014
Midmarket,Canada, Paseo , High ,2559,10,15,38385," $5,757.75 ",32627," $25,590.00 ",7037,01-08-2014,8, August ,2014
Government,United States of America, Paseo , High ,267,10,20,5340, $801.00 ,4539," $2,670.00 ",1869,01-10-2013,10, October ,2013
Enterprise,Germany, Paseo , High ,1085,10,125,135625," $20,343.75 ",115281," $1,30,200.00 ",-14919,01-10-2014,10, October ,2014
Midmarket,Germany, Paseo , High ,1175,10,15,17625," $2,643.75 ",14981," $11,750.00 ",3231,01-10-2014,10, October ,2014
Government,United States of America, Paseo , High ,2007,10,350,702450," $1,05,367.50 ",597082," $5,21,820.00 ",75262,01-11-2013,11, November ,2013
Government,Mexico, Paseo , High ,2151,10,350,752850," $1,12,927.50 ",639922," $5,59,260.00 ",80662,01-11-2013,11, November ,2013
Channel Partners,United States of America, Paseo , High ,914,10,12,10968," $1,645.20 ",9323," $2,742.00 ",6581,01-12-2014,12, December ,2014
Government,France, Paseo , High ,293,10,20,5860, $879.00 ,4981," $2,930.00 ",2051,01-12-2014,12, December ,2014
Channel Partners,Mexico, Velo , High ,500,120,12,6000, $900.00 ,5100," $1,500.00 ",3600,01-03-2014,3, March ,2014
Midmarket,France, Velo , High ,2826,120,15,42390," $6,358.50 ",36032," $28,260.00 ",7772,01-05-2014,5, May ,2014
Enterprise,France, Velo , High ,663,120,125,82875," $12,431.25 ",70444," $79,560.00 ",-9116,01-09-2014,9, September ,2014
Small Business,United States of America, Velo , High ,2574,120,300,772200," $1,15,830.00 ",656370," $6,43,500.00 ",12870,01-11-2013,11, November ,2013
Enterprise,United States of America, Velo , High ,2438,120,125,304750," $45,712.50 ",259038," $2,92,560.00 ",-33522,01-12-2013,12, December ,2013
Channel Partners,United States of America, Velo , High ,914,120,12,10968," $1,645.20 ",9323," $2,742.00 ",6581,01-12-2014,12, December ,2014
Government,Canada, VTT , High ,866,250,20,17310," $2,596.50 ",14714," $8,655.00 ",6058,01-07-2014,7, July ,2014
Midmarket,Germany, VTT , High ,492,250,15,7380," $1,107.00 ",6273," $4,920.00 ",1353,01-07-2014,7, July ,2014
Government,United States of America, VTT , High ,267,250,20,5340, $801.00 ,4539," $2,670.00 ",1869,01-10-2013,10, October ,2013
Midmarket,Germany, VTT , High ,1175,250,15,17625," $2,643.75 ",14981," $11,750.00 ",3231,01-10-2014,10, October ,2014
Enterprise,Canada, VTT , High ,2954,250,125,369250," $55,387.50 ",313862," $3,54,480.00 ",-40618,01-11-2013,11, November ,2013
Enterprise,Germany, VTT , High ,552,250,125,69000," $10,350.00 ",58650," $66,240.00 ",-7590,01-11-2014,11, November ,2014
Government,France, VTT , High ,293,250,20,5860, $879.00 ,4981," $2,930.00 ",2051,01-12-2014,12, December ,2014
Small Business,France, Amarilla , High ,2475,260,300,742500," $1,11,375.00 ",631125," $6,18,750.00 ",12375,01-03-2014,3, March ,2014
Small Business,Mexico, Amarilla , High ,546,260,300,163800," $24,570.00 ",139230," $1,36,500.00 ",2730,01-10-2014,10, October ,2014
Government,Mexico, Montana , High ,1368,5,7,9576," $1,436.40 ",8140," $6,840.00 ",1300,01-02-2014,2, February ,2014
Government,Canada, Paseo , High ,723,10,7,5061, $759.15 ,4302," $3,615.00 ",687,01-04-2014,4, April ,2014
Channel Partners,United States of America, VTT , High ,1806,250,12,21672," $3,250.80 ",18421," $5,418.00 ",13003,01-05-2014,5, May ,2014
